Datetime,RecNbr,batt_volt_Min,PTemp,Flow_Avg,VWC_Avg,EC_Avg,T_Avg,VaporPress_Avg,AirTemp_Avg,RH_Avg,AtmPress_Avg,DrumTemp_Avg,DiffPress_Avg,Rain_Tot,Activity,radon,radon error,noise,status,reloc,external input,reserved,temperature,pressure,humidity,gamma dose rate_qa,voltage,reserveqa1,reserveqa2
28/06/2021 16:00,4132,12.04,22.92,0.914,0.018,0,25.8,1.6,24.23,52.94,1013,26.07,-3.749,0,0,114,48,0,8,7,6,0,24,1012.505005,55.5,0,0,0,0
28/06/2021 16:10,4133,12.05,22.64,0.901,0.028,0,23.47,1.549,23.13,54.71,1013,25.03,-4.165,0,0,292,71,0,8,0,6,0,24,1012.414917,55,0,0,0,0
28/06/2021 16:20,4134,12.05,22.5,0.9,0.028,0,22.02,1.528,22.27,56.86,1013,23.97,-4.033,0,0,568,90.5,4,8,0,6,0,24,1012.495361,55,0,0,0,0
28/06/2021 16:30,4135,12.05,22.39,0.903,0.028,0,21.12,1.52,21.63,58.86,1013,23.02,-3.885,0,0,676,100.5,0,8,0,6,0,24,1012.545959,55,0,0,0,0
28/06/2021 16:40,4136,12.05,22.31,0.901,0.028,0,20.54,1.516,21.14,60.44,1013,22.25,-3.941,0,0,516,91,0,8,0,6,0,24,1012.616577,55,0,0,0,0
28/06/2021 16:50,4137,12.05,22.22,0.908,0.028,0,20.16,1.517,20.8,61.77,1013,21.65,-3.759,0,0,656,105,0,8,0,6,0,24,1012.696411,55,0,0,0,0
28/06/2021 17:00,4138,12.05,22.17,0.937,0.028,0,19.9,1.518,20.56,62.75,1013,21.19,-4.093,0,0,640,105,0,8,0,6,0,24,1012.747009,55.25,0,0,0,0
28/06/2021 17:10,4139,12.04,22.11,0.935,0.028,0,19.72,1.519,20.38,63.44,1014,20.85,-4.109,0,0,712,109,0,8,0,6,0,24,1012.928345,55.25,0,0,0,0
28/06/2021 17:20,4140,12.04,22.08,0.937,0.028,0,19.6,1.52,20.26,64,1014,20.59,-3.991,0,0,660,106,0,8,0,6,0,24,1012.979431,55.25,0,0,0,0
28/06/2021 17:30,4141,12.05,22.03,0.937,0.028,0,19.51,1.52,20.16,64.39,1014,20.39,-3.981,0,0,696,112.5,0,8,0,6,0,24,1013.122192,55.5,0,0,0,0
28/06/2021 17:40,4142,12.04,22.03,0.936,0.028,0,19.44,1.521,20.1,64.67,1014,20.24,-4.008,0,0,668,114,0,8,0,6,0,24,1013.02124,55.5,0,0,0,0
28/06/2021 17:50,4143,12.05,21.97,0.935,0.028,0,19.39,1.516,20.03,64.7,1014,20.12,-3.941,0,0,780,125,0,8,0,6,0,24,1013.021729,55,0,0,0,0
28/06/2021 18:00,4144,12.05,21.95,0.935,0.028,0,19.35,1.515,20,64.83,1014,20.03,-3.957,0,1,688,117,0,8,0,6,0,24,1013.102661,55,0,0,0,0
28/06/2021 18:10,4145,12.04,21.92,0.938,0.029,0,19.33,1.514,19.98,64.93,1014,19.97,-4.038,0,1,1224,150,0,8,0,6,0,24,1013.185181,55,0,0,0,0
28/06/2021 18:20,4146,12.05,21.89,0.938,0.029,0,19.34,1.516,19.9,65.11,1014,19.98,-3.938,0,1,4448,346,0,8,0,6,0,23.875,1013.296509,55.5,0,0,0,0
28/06/2021 18:30,4147,12.04,21.86,0.937,0.029,0,19.36,1.519,19.9,65.35,1014,19.99,-4.011,0,1,10176,672,0,8,0,6,0,23.875,1013.399292,55.5,0,0,0,0
28/06/2021 18:40,4148,12.04,21.84,0.938,0.029,0,19.37,1.522,19.9,65.56,1014,20,-4.089,0,1,14720,908,0,8,0,5,0,23.875,1013.470947,55.5,0,0,0,0
28/06/2021 18:50,4149,12.04,21.81,0.939,0.029,0,19.37,1.524,19.88,65.74,1014,19.99,-4.051,0,1,20352,1200,0,8,0,6,0,23.875,1013.533691,55.5,0,0,0,0
28/06/2021 19:00,4150,12.05,21.81,0.937,0.029,0,19.37,1.524,19.8,65.85,1014,19.98,-4.043,0,1,25344,1432,0,8,0,6,0,23.875,1013.533875,55.5,0,0,0,0
28/06/2021 19:10,4151,12.04,21.78,0.933,0.028,0,19.36,1.522,19.8,65.9,1014,19.95,-4.019,0,0,23424,1408,0,8,0,6,0,23.875,1013.495056,55.5,0,0,0,0
28/06/2021 19:20,4152,12.05,21.78,0.933,0.028,0,19.31,1.52,19.8,65.93,1014,19.93,-3.963,0,0,7808,796,0,8,0,6,0,23.875,1013.525879,55.5,0,0,0,0
28/06/2021 19:30,4153,12.04,21.75,0.934,0.028,0,19.28,1.521,19.8,66.06,1014,19.88,-3.856,0,0,2608,454,0,8,0,6,0,23.75,1013.608398,56,0,0,0,0
28/06/2021 19:40,4154,12.04,21.72,0.934,0.028,0,19.26,1.523,19.8,66.13,1014,19.83,-3.991,0,0,1488,370,0,8,0,6,0,23.75,1013.58905,56,0,0,0,0
28/06/2021 19:50,4155,12.05,21.72,0.933,0.028,0,19.24,1.523,19.8,66.12,1014,19.79,-3.88,0,0,1824,360,0,8,0,6,0,23.75,1013.650208,56,0,0,0,0
28/06/2021 20:00,4156,12.05,21.72,0.933,0.028,0,19.23,1.523,19.8,66.1,1014,19.77,-4.004,0,0,1560,328,0,8,0,6,0,23.75,1013.569763,56,0,0,0,0
28/06/2021 20:10,4157,12.04,21.7,0.932,0.028,0,19.21,1.525,19.8,66.2,1014,19.73,-3.904,0,0,1216,284,0,8,0,6,0,23.75,1013.539795,56,0,0,0,0
28/06/2021 20:20,4158,12.05,21.7,0.932,0.028,0,19.2,1.523,19.8,66.13,1014,19.72,-3.907,0,0,1232,270,0,8,0,6,0,23.75,1013.611084,56,0,0,0,0
28/06/2021 20:30,4159,12.05,21.7,0.932,0.028,0,19.19,1.525,19.8,66.22,1015,19.7,-3.92,0,0,1128,249,0,8,0,6,0,23.75,1013.692261,56,0,0,0,0
28/06/2021 20:40,4160,12.04,21.67,0.932,0.028,0,19.19,1.527,19.8,66.3,1015,19.68,-3.902,0,0,928,226,0,8,0,6,0,23.75,1013.713623,56,0,0,0,0
28/06/2021 20:50,4161,12.05,21.67,0.93,0.028,0,19.18,1.528,19.8,66.32,1015,19.67,-3.906,0,0,932,219,0,8,0,6,0,23.75,1013.653625,56,0,0,0,0
28/06/2021 21:00,4162,12.05,21.67,0.93,0.028,0,19.17,1.53,19.8,66.4,1015,19.65,-3.91,0,1,1020,217,0,8,0,6,0,23.75,1013.826965,56,0,0,0,0
28/06/2021 21:10,4163,12.04,21.67,0.932,0.029,0,19.18,1.531,19.8,66.43,1015,19.66,-4.055,0,1,1208,221,0,8,0,6,0,23.75,1013.948608,56,0,0,0,0
28/06/2021 21:20,4164,12.05,21.67,0.931,0.029,0,19.2,1.532,19.8,66.5,1015,19.72,-3.967,0,1,4544,418,0,8,0,6,0,23.75,1014.060059,56,0,0,0,0
28/06/2021 21:30,4165,12.05,21.64,0.93,0.029,0,19.22,1.532,19.8,66.5,1015,19.78,-3.97,0,1,9344,676,0,8,0,6,0,23.75,1014.100586,56,0,0,0,0
28/06/2021 21:40,4166,12.04,21.64,0.933,0.029,0,19.23,1.532,19.8,66.5,1015,19.79,-4.046,0,1,14784,944,0,8,0,6,0,23.75,1014.140991,56,0,0,0,0
28/06/2021 21:50,4167,12.05,21.64,0.929,0.029,0,19.25,1.532,19.8,66.5,1015,19.81,-3.99,0,1,21248,1256,0,8,0,6,0,23.75,1014.141724,56,0,0,0,0
28/06/2021 22:00,4168,12.05,21.62,0.928,0.029,0,19.25,1.532,19.8,66.51,1015,19.82,-4.006,0,1,26240,1488,0,8,0,6,0,23.75,1014.234192,56,0,0,0,0
28/06/2021 22:10,4169,12.04,21.62,0.927,0.028,0,19.25,1.533,19.8,66.58,1015,19.81,-4.031,0,0,22016,1392,0,8,0,6,0,23.75,1014.314636,56,0,0,0,0
28/06/2021 22:20,4170,12.04,21.62,0.929,0.028,0,19.22,1.534,19.8,66.58,1015,19.79,-3.955,0,0,7360,800,0,8,0,6,0,23.75,1014.436768,56,0,0,0,0
28/06/2021 22:30,4171,12.05,21.62,0.93,0.028,0,19.2,1.532,19.8,66.5,1015,19.78,-3.997,0,0,2672,482,0,8,0,6,0,23.625,1014.387024,56,0,0,0,0
28/06/2021 22:40,4172,12.04,21.62,0.932,0.028,0,19.18,1.528,19.8,66.33,1015,19.73,-3.985,0,0,1904,406,0,8,0,6,0,23.625,1014.427307,56,0,0,0,0
28/06/2021 22:50,4173,12.05,21.62,0.931,0.028,0,19.17,1.526,19.8,66.25,1015,19.71,-3.913,0,0,1552,354,0,8,0,6,0,23.625,1014.377808,56,0,0,0,0
28/06/2021 23:00,4174,12.05,21.62,0.932,0.028,0,19.16,1.524,19.8,66.18,1015,19.68,-3.926,0,0,1424,342,0,8,0,6,0,23.625,1014.478333,56,0,0,0,0
28/06/2021 23:10,4175,12.04,21.59,0.932,0.028,0,19.14,1.523,19.8,66.11,1015,19.66,-3.975,0,0,1344,304,0,8,0,6,0,23.625,1014.560608,56,0,0,0,0
28/06/2021 23:20,4176,12.04,21.59,0.93,0.028,0,19.14,1.52,19.8,65.99,1015,19.64,-3.965,0,0,1296,286,0,8,0,6,0,23.625,1014.550964,56,0,0,0,0
28/06/2021 23:30,4177,12.03,21.59,0.931,0.028,0,19.13,1.519,19.8,65.93,1015,19.61,-3.922,0,0,928,249,0,8,0,6,0,23.625,1014.540588,56,0,0,0,0
28/06/2021 23:40,4178,12.04,21.59,0.929,0.028,0,19.12,1.517,19.8,65.87,1015,19.6,-4.032,0,0,1120,256,0,8,0,6,0,23.625,1014.520142,55.5,0,0,0,0
28/06/2021 23:50,4179,12.04,21.59,0.928,0.028,0,19.12,1.517,19.78,65.87,1015,19.6,-3.859,0,0,688,202,0,8,0,6,0,23.625,1014.409485,55.5,0,0,0,0
29/06/2021 0:00,4180,12.05,21.56,0.925,0.028,0,19.11,1.514,19.73,65.81,1015,19.6,-3.918,0,1,796,204,0,8,0,6,0,23.625,1014.399353,55.5,0,0,0,0
29/06/2021 0:10,4181,12.05,21.56,0.927,0.029,0,19.12,1.512,19.7,65.74,1015,19.6,-4.055,0,1,1200,230,0,8,0,6,0,23.625,1014.419434,55.5,0,0,0,0
29/06/2021 0:20,4182,12.05,21.56,0.927,0.029,0,19.14,1.512,19.7,65.75,1015,19.67,-3.951,0,1,4320,392,0,8,0,6,0,23.625,1014.410217,55.5,0,0,0,0
29/06/2021 0:30,4183,12.04,21.56,0.927,0.029,0,19.16,1.511,19.7,65.7,1015,19.71,-3.979,0,1,10240,720,0,8,0,6,0,23.625,1014.319885,55.5,0,0,0,0
29/06/2021 0:40,4184,12.04,21.56,0.929,0.029,0,19.18,1.514,19.7,65.84,1015,19.74,-4.101,0,1,14912,964,0,8,0,6,0,23.625,1014.249695,55.5,0,0,0,0
29/06/2021 0:50,4185,12.05,21.56,0.928,0.029,0,19.19,1.515,19.7,65.89,1015,19.77,-4.039,0,1,19328,1192,0,8,0,6,0,23.625,1014.309753,55.5,0,0,0,0
29/06/2021 1:00,4186,12.04,21.56,0.927,0.029,0,19.2,1.515,19.7,65.86,1015,19.79,-4.009,0,1,25728,1464,0,8,0,6,0,23.625,1014.259827,55.5,0,0,0,0
29/06/2021 1:10,4187,12.04,21.56,0.927,0.028,0,19.2,1.51,19.7,65.64,1015,19.77,-3.966,0,0,23296,1416,0,8,0,6,0,23.625,1014.229919,55.5,0,0,0,0
29/06/2021 1:20,4188,12.05,21.56,0.928,0.028,0,19.17,1.505,19.7,65.45,1015,19.74,-3.918,0,0,7776,820,0,8,0,6,0,23.625,1014.290588,55.5,0,0,0,0
29/06/2021 1:30,4189,12.05,21.56,0.928,0.028,0,19.14,1.505,19.7,65.44,1015,19.71,-3.944,0,0,2432,466,0,8,0,6,0,23.625,1014.219788,55.5,0,0,0,0
29/06/2021 1:40,4190,12.05,21.56,0.927,0.028,0,19.13,1.503,19.7,65.34,1015,19.68,-3.997,0,0,1792,400,0,8,0,6,0,23.625,1014.301392,55.5,0,0,0,0
29/06/2021 1:50,4191,12.05,21.53,0.927,0.028,0,19.11,1.508,19.7,65.56,1015,19.65,-3.95,0,0,1264,350,0,8,0,6,0,23.625,1014.33197,55.5,0,0,0,0
29/06/2021 2:00,4192,12.04,21.53,0.923,0.028,0,19.1,1.504,19.7,65.4,1015,19.61,-3.937,0,0,1400,324,0,8,0,6,0,23.625,1014.251038,55.5,0,0,0,0
29/06/2021 2:10,4193,12.04,21.53,0.925,0.028,0,19.1,1.509,19.7,65.59,1015,19.6,-3.998,0,0,1304,300,0,8,0,6,0,23.625,1014.221619,55.5,0,0,0,0
29/06/2021 2:20,4194,12.05,21.53,0.924,0.028,0,19.09,1.51,19.7,65.63,1015,19.59,-3.902,0,0,1144,278,0,8,0,6,0,23.625,1014.231995,55.5,0,0,0,0
29/06/2021 2:30,4195,12.05,21.53,0.926,0.028,0,19.09,1.508,19.7,65.53,1015,19.59,-3.911,0,0,1216,270,0,8,0,6,0,23.625,1014.242126,55.5,0,0,0,0
29/06/2021 2:40,4196,12.04,21.53,0.926,0.028,0,19.08,1.508,19.7,65.56,1015,19.56,-4.009,0,0,1024,244,0,8,0,6,0,23.625,1014.181396,55.5,0,0,0,0
29/06/2021 2:50,4197,12.05,21.53,0.926,0.028,0,19.08,1.509,19.7,65.58,1015,19.56,-3.9,0,0,776,219,0,8,0,6,0,23.625,1014.262512,55.5,0,0,0,0
29/06/2021 3:00,4198,12.05,21.53,0.926,0.028,0,19.08,1.509,19.7,65.6,1015,19.56,-3.89,0,1,680,202,0,8,0,6,0,23.625,1014.313354,55.5,0,0,0,0
29/06/2021 3:10,4199,12.05,21.53,0.925,0.029,0,19.08,1.511,19.7,65.68,1015,19.57,-4.041,0,1,1128,221,0,8,0,6,0,23.625,1014.293091,55.5,0,0,0,0
29/06/2021 3:20,4200,12.05,21.53,0.927,0.029,0,19.1,1.513,19.7,65.8,1015,19.62,-3.97,0,1,4448,406,0,8,0,6,0,23.625,1014.232849,55.5,0,0,0,0
29/06/2021 3:30,4201,12.05,21.53,0.926,0.029,0,19.13,1.514,19.7,65.8,1015,19.67,-4.028,0,1,9408,684,0,8,0,6,0,23.625,1014.263,55.5,0,0,0,0
29/06/2021 3:40,4202,12.04,21.53,0.926,0.029,0,19.14,1.513,19.7,65.8,1015,19.7,-4.014,0,1,14720,948,0,8,0,6,0,23.625,1014.222961,55.5,0,0,0,0
29/06/2021 3:50,4203,12.05,21.53,0.923,0.029,0,19.16,1.514,19.7,65.8,1015,19.72,-4.033,0,1,20352,1240,0,8,0,6,0,23.625,1014.293335,55.5,0,0,0,0
29/06/2021 4:00,4204,12.05,21.53,0.92,0.029,0,19.17,1.512,19.7,65.77,1015,19.75,-3.939,0,1,25472,1464,0,8,0,6,0,23.625,1014.354065,55.5,0,0,0,0
29/06/2021 4:10,4205,12.04,21.51,0.921,0.028,0,19.17,1.512,19.7,65.72,1015,19.72,-3.981,0,0,23296,1416,0,8,0,6,0,23.625,1014.374451,55.5,0,0,0,0
29/06/2021 4:20,4206,12.05,21.53,0.922,0.028,0,19.14,1.511,19.7,65.71,1015,19.71,-4.017,0,0,7968,820,0,8,0,6,0,23.625,1014.32373,55.5,0,0,0,0
29/06/2021 4:30,4207,12.05,21.51,0.922,0.028,0,19.12,1.512,19.7,65.71,1015,19.68,-3.963,0,0,2704,478,0,8,0,6,0,23.625,1014.30365,55.5,0,0,0,0
29/06/2021 4:40,4208,12.04,21.51,0.924,0.028,0,19.11,1.51,19.7,65.65,1015,19.65,-4.05,0,0,1728,398,0,8,0,6,0,23.625,1014.294006,55.5,0,0,0,0
29/06/2021 4:50,4209,12.05,21.51,0.923,0.028,0,19.09,1.509,19.7,65.6,1015,19.61,-3.965,0,0,1168,334,0,8,0,6,0,23.625,1014.31427,55.5,0,0,0,0
29/06/2021 5:00,4210,12.04,21.51,0.921,0.028,0,19.08,1.508,19.7,65.59,1015,19.6,-3.959,0,0,1528,334,0,8,0,6,0,23.625,1014.294434,55.5,0,0,0,0
29/06/2021 5:10,4211,12.04,21.51,0.924,0.028,0,19.07,1.506,19.7,65.53,1015,19.59,-4.087,0,0,1264,308,0,8,0,6,0,23.625,1014.364868,55.5,0,0,0,0
29/06/2021 5:20,4212,12.04,21.51,0.922,0.028,0,19.07,1.504,19.7,65.48,1015,19.57,-3.928,0,0,1160,282,0,8,0,6,0,23.625,1014.374939,55.5,0,0,0,0
29/06/2021 5:30,4213,12.05,21.51,0.921,0.028,0,19.06,1.502,19.7,65.39,1015,19.56,-3.486,0,0,1328,282,0,8,0,6,0,23.5,1014.386169,55.5,0,0,0,0
29/06/2021 5:40,4214,12.04,21.51,0.921,0.028,0,19.05,1.499,19.7,65.33,1015,19.56,-3.494,0,0,1000,244,0,8,0,6,0,23.5,1014.436768,55,0,0,0,0
29/06/2021 5:50,4215,12.05,21.48,0.921,0.028,0,19.05,1.497,19.7,65.23,1015,19.55,-3.345,0,0,932,224,0,8,0,6,0,23.5,1014.52832,55,0,0,0,0
29/06/2021 6:00,4216,12.05,21.48,0.921,0.028,0,19.05,1.493,19.7,65.11,1015,19.54,-3.343,0,1,1020,227,0,8,0,6,0,23.5,1014.539063,55,0,0,0,0
29/06/2021 6:10,4217,12.05,21.48,0.923,0.029,0,19.05,1.492,19.7,65.11,1015,19.55,-3.451,0,1,1216,223,0,8,0,6,0,23.5,1014.55011,55,0,0,0,0
29/06/2021 6:20,4218,12.04,21.48,0.922,0.029,0,19.08,1.488,19.7,64.96,1015,19.6,-3.452,0,1,4512,414,0,8,0,6,0,23.5,1014.501831,55,0,0,0,0
29/06/2021 6:30,4219,12.05,21.45,0.923,0.029,0,19.1,1.488,19.7,64.95,1015,19.65,-3.437,0,1,10112,724,0,8,0,6,0,23.5,1014.562256,55,0,0,0,0
29/06/2021 6:40,4220,12.05,21.45,0.924,0.029,0,19.11,1.485,19.7,64.82,1015,19.68,-3.552,0,1,14656,948,0,8,0,6,0,23.5,1014.562744,55,0,0,0,0
29/06/2021 6:50,4221,12.05,21.45,0.925,0.029,0,19.13,1.484,19.7,64.81,1015,19.7,-3.432,0,1,19200,1176,0,8,0,6,0,23.5,1014.64502,55,0,0,0,0
29/06/2021 7:00,4222,12.05,21.45,0.924,0.029,0,19.14,1.48,19.7,64.63,1015,19.72,-3.494,0,1,24320,1424,0,8,0,6,0,23.5,1014.686157,55,0,0,0,0
29/06/2021 7:10,4223,12.05,21.45,0.924,0.028,0,19.14,1.479,19.7,64.63,1015,19.7,-3.462,0,0,21504,1360,0,8,0,6,0,23.5,1014.726257,55,0,0,0,0
29/06/2021 7:20,4224,12.04,21.45,0.921,0.028,0,19.11,1.476,19.67,64.5,1016,19.68,-3.408,0,0,7840,808,0,8,0,6,0,23.5,1014.707336,54.75,0,0,0,0
29/06/2021 7:30,4225,12.04,21.42,0.921,0.028,0,19.09,1.481,19.62,64.77,1016,19.63,-3.463,0,0,2688,478,0,8,0,6,0,23.5,1014.686829,55,0,0,0,0
29/06/2021 7:40,4226,12.05,21.42,0.921,0.028,0,19.1,1.483,19.7,64.74,1016,19.6,-3.266,0,0,1584,378,0,8,2,6,0,23.375,1014.703308,55,0,0,0,0
29/06/2021 7:50,4227,12.05,21.42,0.934,0.028,0,19.13,1.474,19.7,64.09,1016,19.61,-1.382,0,0,1368,350,0,8,0,6,0,23.125,1014.759583,55,0,0,0,0
29/06/2021 8:00,4228,12.05,21.45,0.916,0.028,0,19.18,1.457,19.8,63.3,1016,19.65,-3.812,0,0,1392,322,0,8,64,6,0,23,1014.82843,55,0,0,0,0
29/06/2021 8:10,4229,12.05,21.45,0.928,0.028,0,19.19,1.434,19.8,62.26,1016,19.68,-3.357,0,0,1312,306,0,8,0,6,0,22.875,1014.827576,54.25,0,0,0,0
29/06/2021 8:20,4230,12.05,21.4,0.925,0.028,0,19.17,1.425,19.8,61.87,1016,19.74,-3.323,0,0,1272,276,0,8,0,6,0,22.75,1014.823792,54.25,0,0,0,0
29/06/2021 8:30,4231,12.05,21.34,0.918,0.028,0,19.16,1.432,19.8,62.18,1016,19.74,-3.179,0,0,1256,272,0,8,0,6,0,22.625,1014.912903,55,0,0,0,0
29/06/2021 8:40,4232,12.05,21.31,0.922,0.028,0,19.14,1.438,19.8,62.44,1016,19.72,-3.315,0,0,988,236,0,8,0,6,0,22.5,1014.816895,55,0,0,0,0
29/06/2021 8:50,4233,12.05,21.26,0.928,0.028,0,19.12,1.444,19.76,62.7,1016,19.69,-3.345,0,0,888,222,0,8,0,6,0,22.5,1014.78241,55.5,0,0,0,0
29/06/2021 9:00,4234,12.05,21.23,0.93,0.028,0,19.1,1.447,19.7,62.93,1016,19.67,-3.249,0,1,696,192,0,8,0,6,0,22.5,1014.726196,56,0,0,0,0
29/06/2021 9:10,4235,12.05,21.21,0.933,0.029,0,19.1,1.449,19.7,62.99,1016,19.66,-3.259,0,1,1008,203,0,8,0,6,0,22.375,1014.75293,56,0,0,0,0
29/06/2021 9:20,4236,12.05,21.18,0.933,0.029,0,19.12,1.455,19.7,63.42,1016,19.71,-3.443,0,1,4384,394,0,8,0,6,0,22.375,1014.776306,56.5,0,0,0,0
29/06/2021 9:30,4237,12.05,21.15,0.933,0.029,0,19.14,1.457,19.7,63.63,1016,19.74,-3.286,0,1,9600,696,0,8,0,6,0,22.25,1014.800903,56.5,0,0,0,0
29/06/2021 9:40,4238,12.05,21.12,0.931,0.029,0,19.16,1.457,19.62,63.73,1016,19.78,-3.253,0,1,14656,940,0,8,0,6,0,22.25,1014.803162,57.25,0,0,0,0
29/06/2021 9:50,4239,12.04,21.12,0.933,0.029,0,19.16,1.457,19.6,63.79,1016,19.79,-3.449,0,1,20608,1240,0,8,0,6,0,22.25,1014.826111,57.25,0,0,0,0
29/06/2021 10:00,4240,12.05,21.1,0.931,0.029,0,19.17,1.46,19.6,63.99,1016,19.81,-3.382,0,1,24960,1456,0,8,0,6,0,22.25,1014.807495,57.25,0,0,0,0
29/06/2021 10:10,4241,12.05,21.07,0.933,0.028,0,19.17,1.462,19.6,64.11,1016,19.77,-3.311,0,0,23424,1424,0,8,0,6,0,22.25,1015.123779,57.25,0,0,0,0
29/06/2021 10:20,4242,12.05,21.07,0.933,0.028,0,19.14,1.461,19.6,64.1,1016,19.72,-3.228,0,0,8192,856,0,8,0,6,0,22.25,1015.276245,57.25,0,0,0,0
29/06/2021 10:30,4243,12.05,21.04,0.933,0.028,0,19.11,1.461,19.6,64.12,1016,19.69,-3.412,0,0,3296,516,0,8,0,6,0,22.25,1015.338745,57.75,0,0,0,0
29/06/2021 10:40,4244,12.05,21.04,0.932,0.028,0,19.09,1.462,19.6,64.24,1016,19.64,-3.271,0,0,2128,428,0,8,0,6,0,22.125,1015.35022,57.75,0,0,0,0
29/06/2021 10:50,4245,12.05,21.04,0.933,0.028,0,19.08,1.466,19.6,64.43,1016,19.6,-3.227,0,0,1856,380,0,8,0,6,0,22.125,1015.442871,57.75,0,0,0,0
29/06/2021 11:00,4246,12.05,21.07,0.932,0.028,0,19.11,1.485,19.6,65.16,1016,19.63,-3.276,0,0,1560,344,0,8,0,6,0,22.25,1015.490967,58.5,0,0,0,0
29/06/2021 11:10,4247,12.05,21.1,0.933,0.028,0,19.18,1.496,19.67,65.31,1016,19.74,-3.305,0,0,1648,324,0,8,0,6,0,22.25,1015.549377,58.5,0,0,0,0
29/06/2021 11:20,4248,12.04,21.15,0.932,0.028,0,19.26,1.494,19.71,64.95,1016,19.82,-3.427,0,0,1624,316,0,8,0,6,0,22.375,1015.44458,58.25,0,0,0,0
29/06/2021 11:30,4249,12.05,21.18,0.93,0.028,0,19.35,1.485,19.8,64.48,1016,19.94,-3.471,0,0,1760,312,0,8,0,6,0,22.5,1015.531616,58.25,0,0,0,0
29/06/2021 11:40,4250,12.05,21.21,0.932,0.028,0,19.41,1.461,19.8,63.45,1016,19.99,-3.309,0,0,1004,241,0,8,0,6,0,22.5,1015.519653,57.75,0,0,0,0
29/06/2021 11:50,4251,12.05,21.21,0.933,0.028,0,19.44,1.451,19.8,62.99,1016,20.02,-3.374,0,0,796,225,0,8,0,6,0,22.375,1015.490234,57.25,0,0,0,0
29/06/2021 12:00,4252,12.05,21.21,0.936,0.028,0,19.44,1.453,19.8,63.08,1016,20.04,-3.444,0,1,748,207,0,8,0,6,0,22.375,1015.419373,57.25,0,0,0,0
29/06/2021 12:10,4253,12.05,21.21,0.934,0.029,0,19.45,1.46,19.8,63.4,1016,20.07,-3.428,0,1,1416,242,0,8,0,6,0,22.375,1015.369263,57.25,0,0,0,0
29/06/2021 12:20,4254,12.05,21.18,0.935,0.029,0,19.47,1.464,19.8,63.58,1016,20.12,-3.707,0,1,4416,414,0,8,0,6,0,22.375,1015.401245,57.5,0,0,0,0
29/06/2021 12:30,4255,12.04,21.18,0.935,0.029,0,19.49,1.466,19.76,63.7,1016,20.15,-3.756,0,1,10752,764,0,8,0,6,0,22.25,1015.361877,57.75,0,0,0,0
29/06/2021 12:40,4256,12.05,21.18,0.936,0.029,0,19.51,1.47,19.7,63.9,1016,20.17,-3.714,0,1,16000,1008,0,8,0,6,0,22.25,1015.413574,57.75,0,0,0,0
29/06/2021 12:50,4257,12.05,21.15,0.934,0.029,0,19.53,1.475,19.7,64.12,1016,20.17,-3.775,0,1,20864,1264,0,8,0,6,0,22.25,1015.374451,57.75,0,0,0,0
29/06/2021 13:00,4258,12.04,21.18,0.932,0.029,0,19.54,1.493,19.7,64.92,1016,20.18,-3.741,0,1,26368,1496,0,8,0,6,0,22.25,1015.343445,58.25,0,0,0,0
29/06/2021 13:10,4259,12.05,21.23,0.934,0.028,0,19.58,1.507,19.78,65.44,1016,20.19,-3.481,0,0,23040,1424,0,8,0,6,0,22.375,1015.482849,59,0,0,0,0
29/06/2021 13:20,4260,12.04,21.29,0.938,0.028,0,19.63,1.512,19.8,65.54,1016,20.23,-3.594,0,0,8704,892,0,8,0,6,0,22.5,1015.578979,59.5,0,0,0,0
29/06/2021 13:30,4261,12.04,21.34,0.965,0.028,0,19.66,1.525,19.93,65.52,1016,20.28,-3.848,0,0,3344,544,0,8,0,6,0,22.625,1015.534424,59.5,0,0,0,0
29/06/2021 13:40,4262,12.05,21.42,0.969,0.028,0,19.69,1.536,20.04,65.56,1016,20.32,-3.546,0,0,2512,454,0,8,0,6,0,22.625,1015.499207,59.5,0,0,0,0
29/06/2021 13:50,4263,12.05,21.48,0.915,0.028,0,19.71,1.55,20.13,65.74,1016,20.34,-3.486,0,0,1952,396,4,8,0,6,0,22.75,1015.533325,59.75,0,0,0,0
29/06/2021 14:00,4264,12.05,21.51,0.917,0.028,0,19.73,1.55,20.2,65.49,1016,20.34,-3.476,0,0,1344,336,0,8,0,6,0,22.875,1015.559814,59.5,0,0,0,0
29/06/2021 14:10,4265,12.04,21.53,0.918,0.028,0,19.76,1.555,20.24,65.52,1016,20.35,-3.383,0,0,1456,328,0,8,0,6,0,22.875,1015.52655,59.5,0,0,0,0
29/06/2021 14:20,4266,12.05,21.53,0.92,0.028,0,19.74,1.54,20.25,64.89,1016,20.34,-3.473,0,0,1152,292,0,8,0,6,0,22.75,1015.54718,59,0,0,0,0
29/06/2021 14:30,4267,12.04,21.51,0.921,0.028,0,19.7,1.535,20.2,64.83,1016,20.32,-3.51,0,0,1072,262,0,8,0,6,0,22.75,1015.538452,59,0,0,0,0
29/06/2021 14:40,4268,12.05,21.51,0.923,0.028,0,19.66,1.532,20.13,64.94,1016,20.27,-3.441,0,0,1168,260,0,8,0,6,0,22.625,1015.570129,59,0,0,0,0
29/06/2021 14:50,4269,12.04,21.48,0.921,0.028,0,19.63,1.53,20.1,65.14,1016,20.22,-3.341,0,0,1096,244,0,8,0,6,0,22.625,1015.673645,59,0,0,0,0
29/06/2021 16:10,4277,12.05,21.45,0.91,0.028,0,19.68,1.547,20,66.32,1016,20.35,-3.683,0,0,1056,231,0,8,0,6,0,22.625,1015.383606,60,0,0,0,0
29/06/2021 16:20,4278,12.04,21.42,0.908,0.028,0,19.65,1.545,19.9,66.32,1016,20.32,-3.796,0,0,1104,227,0,8,0,6,0,22.625,1015.365173,60,0,0,0,0
29/06/2021 16:30,4279,12.05,21.4,0.911,0.028,0,19.63,1.543,19.9,66.4,1016,20.26,-3.68,0,0,844,202,0,8,0,6,0,22.5,1015.327881,60,0,0,0,0
29/06/2021 16:40,4280,12.05,21.4,0.912,0.028,0,19.6,1.541,19.86,66.5,1016,20.21,-3.671,0,0,884,193,0,8,0,6,0,22.5,1015.308899,60,0,0,0,0
29/06/2021 16:50,4281,12.05,21.37,0.912,0.028,0,19.59,1.536,19.8,66.53,1016,20.18,-3.632,0,0,780,186,0,8,0,6,0,22.5,1015.290527,60,0,0,0,0
29/06/2021 17:00,4282,12.05,21.34,0.914,0.028,0,19.57,1.535,19.8,66.62,1016,20.15,-3.611,0,0,888,179,0,8,0,6,0,22.5,1015.1698,60,0,0,0,0
29/06/2021 17:10,4283,12.05,21.34,0.915,0.028,0,19.55,1.537,19.8,66.73,1016,20.11,-3.57,0,0,844,174,0,8,0,6,0,22.375,1015.111572,60.25,0,0,0,0
29/06/2021 17:20,4284,12.05,21.31,0.915,0.028,0,19.53,1.539,19.8,66.84,1016,20.07,-3.697,0,0,732,166,0,8,0,6,0,22.375,1015.020996,60.5,0,0,0,0
29/06/2021 17:30,4285,12.04,21.29,0.914,0.028,0,19.51,1.542,19.8,66.94,1016,20.02,-3.692,0,0,840,156,0,8,0,6,0,22.375,1015.052002,60.5,0,0,0,0
29/06/2021 17:40,4286,12.05,21.26,0.915,0.028,0,19.49,1.544,19.8,67.04,1016,19.98,-3.634,0,0,1048,169,0,8,0,6,0,22.375,1015.033997,60.5,0,0,0,0
29/06/2021 17:50,4287,12.05,21.26,0.915,0.028,0,19.46,1.547,19.8,67.16,1016,19.94,-3.653,0,0,1168,177,0,8,0,6,0,22.375,1014.97467,60.5,0,0,0,0
29/06/2021 18:00,4288,12.05,21.23,0.916,0.028,0,19.44,1.549,19.8,67.24,1016,19.94,-3.654,0,1,912,156,0,8,0,6,0,22.375,1014.995605,60.5,0,0,0,0
29/06/2021 18:10,4289,12.05,21.23,0.921,0.029,0,19.43,1.549,19.7,67.31,1016,19.93,-3.306,0,1,1352,190,0,8,0,6,0,22.375,1015.098083,60.5,0,0,0,0
29/06/2021 18:20,4290,12.05,21.21,0.918,0.029,0,19.45,1.55,19.7,67.41,1016,19.97,-3.439,0,1,4512,364,0,8,0,6,0,22.25,1015.048706,60.75,0,0,0,0
29/06/2021 18:30,4291,12.04,21.21,0.916,0.029,0,19.46,1.552,19.7,67.5,1016,20,-3.385,0,1,10624,728,0,8,0,6,0,22.25,1015.120605,61.25,0,0,0,0
29/06/2021 18:40,4292,12.05,21.18,0.918,0.029,0,19.48,1.554,19.7,67.52,1016,20.04,-3.327,0,1,16640,1020,0,8,0,6,0,22.25,1015.172363,61.25,0,0,0,0
29/06/2021 18:50,4293,12.05,21.18,0.921,0.029,0,19.49,1.555,19.7,67.6,1016,20.04,-3.415,0,1,22528,1312,0,8,0,6,0,22.25,1015.213684,61.25,0,0,0,0
29/06/2021 19:00,4294,12.05,21.18,0.913,0.029,0,19.49,1.555,19.7,67.6,1016,20.05,-3.333,0,1,27776,1536,0,8,0,6,0,22.25,1015.265198,61.25,0,0,0,0
29/06/2021 19:10,4295,12.04,21.15,0.918,0.028,0,19.48,1.557,19.7,67.68,1016,20.01,-3.637,0,0,25472,1496,0,8,0,6,0,22.25,1015.28595,61.25,0,0,0,0
29/06/2021 19:20,4296,12.04,21.15,0.916,0.028,0,19.44,1.557,19.7,67.7,1016,19.98,-3.676,0,0,9280,900,0,8,0,6,0,22.25,1015.326538,61.25,0,0,0,0
29/06/2021 19:30,4297,12.04,21.15,0.915,0.028,0,19.4,1.558,19.7,67.76,1016,19.94,-3.6,0,0,3440,536,0,8,0,6,0,22.25,1015.265869,61.25,0,0,0,0
29/06/2021 19:40,4298,12.05,21.15,0.922,0.028,0,19.37,1.56,19.7,67.8,1016,19.91,-3.62,0,0,2240,444,0,8,0,6,0,22.25,1015.357666,61.25,0,0,0,0
29/06/2021 19:50,4299,12.05,21.12,0.922,0.028,0,19.36,1.56,19.7,67.86,1016,19.86,-3.656,0,0,1848,382,0,8,0,6,0,22.25,1015.25647,61.25,0,0,0,0
29/06/2021 20:00,4300,12.04,21.12,0.919,0.028,0,19.34,1.56,19.7,67.9,1016,19.83,-3.599,0,0,2032,374,0,8,0,6,0,22.25,1015.268372,61.25,0,0,0,0
29/06/2021 20:10,4301,12.05,21.12,0.916,0.028,0,19.32,1.559,19.7,67.9,1016,19.81,-3.55,0,0,1584,334,0,8,0,6,0,22.25,1015.218262,61.5,0,0,0,0
29/06/2021 20:20,4302,12.05,21.12,0.914,0.028,0,19.32,1.559,19.7,67.93,1016,19.79,-3.652,0,0,1784,326,0,8,0,6,0,22.25,1015.238464,61.5,0,0,0,0
29/06/2021 20:30,4303,12.05,21.1,0.913,0.028,0,19.31,1.559,19.7,68,1016,19.79,-3.521,0,0,1272,280,0,8,0,6,0,22.25,1015.066528,61.75,0,0,0,0
29/06/2021 20:40,4304,12.04,21.1,0.911,0.028,0,19.3,1.559,19.7,68,1016,19.78,-3.508,0,0,1520,284,0,8,0,6,0,22.25,1015.178894,61.75,0,0,0,0
29/06/2021 20:50,4305,12.04,21.1,0.912,0.028,0,19.3,1.56,19.7,68.09,1016,19.77,-3.647,0,0,1248,256,0,8,0,6,0,22.25,1015.148132,61.75,0,0,0,0
29/06/2021 21:00,4306,12.05,21.07,0.909,0.028,0,19.29,1.56,19.7,68.1,1016,19.76,-3.588,0,1,1024,228,0,8,0,6,0,22.25,1015.310425,61.75,0,0,0,0
29/06/2021 21:10,4307,12.04,21.07,0.909,0.029,0,19.29,1.56,19.7,68.2,1016,19.77,-3.415,0,1,1568,255,0,8,0,6,0,22.125,1015.31134,61.75,0,0,0,0
29/06/2021 21:20,4308,12.05,21.07,0.91,0.029,0,19.32,1.561,19.7,68.2,1016,19.82,-3.375,0,1,4608,432,0,8,0,6,0,22.125,1015.341431,61.75,0,0,0,0
29/06/2021 21:30,4309,12.05,21.07,0.91,0.029,0,19.34,1.561,19.67,68.2,1016,19.86,-3.374,0,1,10496,756,0,8,0,6,0,22.25,1015.361938,61.75,0,0,0,0
29/06/2021 21:40,4310,12.04,21.07,0.91,0.029,0,19.37,1.561,19.65,68.25,1016,19.9,-3.277,0,1,16320,1024,0,8,0,6,0,22.125,1015.413452,61.75,0,0,0,0
29/06/2021 21:50,4311,12.05,21.07,0.91,0.029,0,19.38,1.561,19.64,68.3,1016,19.92,-3.36,0,1,21504,1296,0,8,0,6,0,22.125,1015.413696,61.75,0,0,0,0
29/06/2021 22:00,4312,12.05,21.07,0.909,0.029,0,19.39,1.563,19.65,68.3,1016,19.93,-3.437,0,1,28160,1560,0,8,0,6,0,22.125,1015.424194,61.75,0,0,0,0
29/06/2021 22:10,4313,12.04,21.07,0.91,0.028,0,19.38,1.563,19.61,68.39,1016,19.92,-3.575,0,0,24192,1472,0,8,0,6,0,22.125,1015.363281,61.75,0,0,0,0
29/06/2021 22:20,4314,12.05,21.07,0.909,0.028,0,19.35,1.563,19.6,68.37,1016,19.9,-3.599,0,0,9344,876,0,8,0,6,0,22.125,1015.261902,61.75,0,0,0,0
29/06/2021 22:30,4315,12.05,21.07,0.909,0.028,0,19.33,1.562,19.6,68.3,1016,19.87,-3.501,0,0,3696,564,0,8,0,6,0,22.25,1015.028992,61.75,0,0,0,0
29/06/2021 22:40,4316,12.05,21.07,0.91,0.028,0,19.32,1.561,19.6,68.3,1016,19.85,-3.66,0,0,1976,430,0,8,0,6,0,22.125,1014.948242,61.75,0,0,0,0
29/06/2021 22:50,4317,12.05,21.07,0.909,0.028,0,19.31,1.56,19.6,68.3,1016,19.84,-3.637,0,0,1416,378,0,8,0,6,0,22.125,1014.857178,61.75,0,0,0,0
29/06/2021 23:00,4318,12.04,21.07,0.91,0.028,0,19.31,1.56,19.6,68.3,1016,19.84,-3.625,0,0,1472,344,0,8,0,6,0,22.125,1014.796509,61.75,0,0,0,0
29/06/2021 23:10,4319,12.05,21.04,0.909,0.028,0,19.32,1.559,19.6,68.22,1016,19.84,-3.526,0,0,1136,318,0,8,0,6,0,22.125,1014.78656,61.75,0,0,0,0
29/06/2021 23:20,4320,12.04,21.04,0.91,0.028,0,19.32,1.558,19.6,68.2,1016,19.84,-3.68,0,0,1424,310,0,8,0,6,0,22.125,1014.725647,61.75,0,0,0,0
29/06/2021 23:30,4321,12.04,21.04,0.909,0.028,0,19.32,1.558,19.6,68.2,1016,19.84,-3.662,0,0,1200,280,0,8,0,6,0,22.125,1014.706116,61.75,0,0,0,0
29/06/2021 23:40,4322,12.04,21.04,0.909,0.028,0,19.33,1.557,19.6,68.2,1016,19.84,-3.519,0,0,1072,256,0,8,0,6,0,22.125,1014.685242,61.75,0,0,0,0
29/06/2021 23:50,4323,12.05,21.04,0.908,0.028,0,19.33,1.557,19.6,68.2,1016,19.83,-3.598,0,0,976,247,0,8,0,6,0,22.125,1014.715759,61.75,0,0,0,0
30/06/2021 0:00,4324,12.04,21.04,0.908,0.028,0,19.33,1.557,19.6,68.2,1016,19.84,-3.525,0,1,712,215,0,8,0,6,0,22.125,1014.675537,61.75,0,0,0,0
30/06/2021 0:10,4325,12.05,21.04,0.908,0.029,0,19.35,1.556,19.6,68.2,1016,19.84,-3.605,0,1,1200,228,0,8,0,6,0,22.125,1014.696655,61.75,0,0,0,0
30/06/2021 0:20,4326,12.04,21.04,0.908,0.029,0,19.38,1.555,19.6,68.18,1015,19.92,-3.625,0,1,4384,414,0,8,0,6,0,22.125,1014.625366,61.75,0,0,0,0
30/06/2021 0:30,4327,12.05,21.04,0.908,0.029,0,19.41,1.554,19.6,68.1,1015,19.94,-3.645,0,1,9536,696,0,8,0,6,0,22.125,1014.635254,61.75,0,0,0,0
30/06/2021 0:40,4328,12.05,21.04,0.903,0.029,0,19.43,1.553,19.6,68.09,1015,19.97,-3.585,0,1,15680,1000,0,8,0,6,0,22.125,1014.584473,61.75,0,0,0,0
30/06/2021 0:50,4329,12.04,21.04,0.905,0.029,0,19.45,1.552,19.6,68,1015,19.98,-3.715,0,1,19200,1192,0,8,0,6,0,22.125,1014.493652,61.75,0,0,0,0
30/06/2021 1:00,4330,12.05,21.04,0.906,0.029,0,19.46,1.553,19.6,68,1015,20,-3.576,0,1,24192,1432,0,8,0,6,0,22.125,1014.422607,61.75,0,0,0,0
30/06/2021 1:10,4331,12.05,21.04,0.907,0.028,0,19.46,1.552,19.6,68.01,1015,19.98,-3.568,0,0,25216,1488,0,8,0,6,0,22.125,1014.392883,61.75,0,0,0,0
30/06/2021 1:20,4332,12.05,21.04,0.907,0.028,0,19.42,1.552,19.6,68.08,1015,19.97,-3.625,0,0,8384,852,0,8,0,6,0,22.125,1014.382507,61.75,0,0,0,0
30/06/2021 1:30,4333,12.05,21.04,0.909,0.028,0,19.39,1.552,19.6,68.1,1015,19.94,-3.645,0,0,3216,520,0,8,0,6,0,22.125,1014.240723,61.75,0,0,0,0
30/06/2021 1:40,4334,12.05,21.04,0.906,0.028,0,19.36,1.553,19.6,68.1,1015,19.91,-3.468,0,0,2160,430,0,8,0,6,0,22.125,1014.230103,61.75,0,0,0,0
30/06/2021 1:50,4335,12.05,21.04,0.906,0.028,0,19.33,1.553,19.6,68.1,1015,19.86,-3.621,0,0,2096,400,0,8,0,6,0,22.125,1014.220459,61.75,0,0,0,0
30/06/2021 2:00,4336,12.04,21.04,0.907,0.028,0,19.31,1.553,19.6,68.1,1015,19.83,-3.506,0,0,1792,360,0,8,0,6,0,22.125,1014.220886,61.75,0,0,0,0
30/06/2021 2:10,4337,12.04,21.02,0.906,0.028,0,19.3,1.553,19.6,68.1,1015,19.8,-3.592,0,0,1792,346,0,8,0,6,0,22.125,1014.049561,61.75,0,0,0,0
30/06/2021 2:20,4338,12.04,21.02,0.906,0.028,0,19.28,1.552,19.6,68.1,1015,19.79,-3.605,0,0,1552,320,0,8,0,6,0,22.125,1014.080627,61.75,0,0,0,0
30/06/2021 2:30,4339,12.04,21.02,0.907,0.028,0,19.27,1.553,19.6,68.16,1015,19.76,-3.568,0,0,1656,302,0,8,0,6,0,22.125,1014.091248,61.75,0,0,0,0
30/06/2021 2:40,4340,12.05,21.02,0.908,0.028,0,19.26,1.553,19.6,68.2,1015,19.75,-3.476,0,0,1152,264,0,8,0,6,0,22.125,1014.162048,61.75,0,0,0,0
30/06/2021 2:50,4341,12.04,21.02,0.905,0.028,0,19.25,1.553,19.6,68.2,1015,19.72,-3.588,0,0,1200,260,0,8,0,6,0,22.125,1014.151917,61.75,0,0,0,0
30/06/2021 3:00,4342,12.05,21.02,0.907,0.028,0,19.25,1.554,19.6,68.2,1015,19.72,-3.542,0,1,1136,241,0,8,0,6,0,22.125,1014.131897,61.75,0,0,0,0
30/06/2021 3:10,4343,12.04,21.02,0.905,0.029,0,19.25,1.554,19.6,68.2,1015,19.73,-3.15,0,1,1360,241,0,8,0,6,0,22.125,1014.061523,61.75,0,0,0,0
30/06/2021 3:20,4344,12.05,21.02,0.906,0.029,0,19.28,1.553,19.6,68.2,1015,19.79,-3.294,0,1,4768,428,0,8,0,6,0,22.125,1014.091675,61.75,0,0,0,0
30/06/2021 3:30,4345,12.04,21.02,0.908,0.029,0,19.31,1.553,19.6,68.2,1015,19.82,-3.257,0,1,10240,744,0,8,0,6,0,22.125,1013.940552,61.75,0,0,0,0
30/06/2021 3:40,4346,12.05,21.02,0.907,0.029,0,19.33,1.553,19.6,68.28,1015,19.85,-3.245,0,1,15616,988,0,8,0,6,0,22.125,1013.981506,61.75,0,0,0,0
30/06/2021 3:50,4347,12.05,21.02,0.907,0.029,0,19.35,1.553,19.6,68.3,1015,19.87,-3.334,0,1,21632,1312,0,8,0,6,0,22.125,1013.871155,61.75,0,0,0,0
30/06/2021 4:00,4348,12.05,21.02,0.905,0.029,0,19.36,1.554,19.6,68.3,1015,19.89,-3.311,0,1,28416,1568,0,8,0,6,0,22.125,1013.840088,61.75,0,0,0,0
30/06/2021 4:10,4349,12.05,21.02,0.906,0.028,0,19.35,1.553,19.58,68.3,1015,19.87,-3.472,0,0,25088,1504,0,8,0,6,0,22.125,1013.911072,61.75,0,0,0,0
30/06/2021 4:20,4350,12.05,21.02,0.907,0.028,0,19.31,1.554,19.58,68.3,1015,19.85,-3.62,0,0,9152,868,0,8,0,6,0,22.125,1013.809509,61.75,0,0,0,0
30/06/2021 4:30,4351,12.05,21.02,0.901,0.028,0,19.28,1.554,19.59,68.3,1015,19.82,-3.628,0,0,3824,576,0,8,0,6,0,22.125,1013.739807,61.75,0,0,0,0
30/06/2021 4:40,4352,12.04,20.99,0.903,0.028,0,19.26,1.555,19.6,68.36,1015,19.79,-3.558,0,0,1808,414,0,8,0,6,0,22.125,1013.778931,61.75,0,0,0,0
30/06/2021 4:50,4353,12.05,20.99,0.903,0.028,0,19.25,1.555,19.6,68.4,1015,19.79,-3.592,0,0,1608,392,0,8,0,6,0,22.125,1013.839355,61.75,0,0,0,0
30/06/2021 5:00,4354,12.05,20.99,0.904,0.028,0,19.23,1.555,19.6,68.4,1015,19.75,-3.512,0,0,1880,368,0,8,0,6,0,22.125,1013.860107,61.75,0,0,0,0
30/06/2021 5:10,4355,12.04,20.99,0.905,0.028,0,19.23,1.555,19.6,68.4,1015,19.72,-3.498,0,0,1776,352,0,8,0,6,0,22.125,1013.790161,61.75,0,0,0,0
30/06/2021 5:20,4356,12.04,20.99,0.903,0.028,0,19.22,1.556,19.6,68.4,1015,19.7,-3.543,0,0,1640,322,0,8,0,6,0,22.125,1013.850647,61.75,0,0,0,0
30/06/2021 5:30,4357,12.04,20.99,0.904,0.028,0,19.22,1.556,19.6,68.4,1015,19.7,-3.608,0,0,1344,286,0,8,0,6,0,22.125,1013.809509,62,0,0,0,0
30/06/2021 5:40,4358,12.05,20.99,0.903,0.028,0,19.21,1.557,19.6,68.41,1015,19.7,-3.505,0,0,1160,258,0,8,0,6,0,22.125,1013.780273,62,0,0,0,0
30/06/2021 5:50,4359,12.04,20.99,0.904,0.028,0,19.21,1.557,19.59,68.48,1015,19.68,-3.593,0,0,1112,247,0,8,0,6,0,22.125,1013.749207,62,0,0,0,0
30/06/2021 6:00,4360,12.05,20.99,0.906,0.028,0,19.2,1.557,19.58,68.5,1015,19.68,-3.511,0,1,1056,235,0,8,0,6,0,22.125,1013.76001,62,0,0,0,0
30/06/2021 6:10,4361,12.04,20.99,0.905,0.029,0,19.21,1.558,19.55,68.5,1015,19.68,-3.507,0,1,1424,245,0,8,0,6,0,22.125,1013.739807,62.25,0,0,0,0
30/06/2021 6:20,4362,12.04,20.99,0.908,0.029,0,19.24,1.558,19.59,68.5,1015,19.75,-3.656,0,1,4048,398,0,8,0,6,0,22.125,1013.73938,62.25,0,0,0,0
30/06/2021 6:30,4363,12.05,20.99,0.909,0.029,0,19.27,1.559,19.6,68.5,1015,19.79,-3.627,0,1,9344,700,0,8,0,6,0,22.125,1013.730408,62.25,0,0,0,0
30/06/2021 6:40,4364,12.05,20.99,0.908,0.029,0,19.3,1.56,19.6,68.51,1015,19.82,-3.514,0,1,14208,936,0,8,0,6,0,22.125,1013.780518,62.25,0,0,0,0
30/06/2021 6:50,4365,12.05,20.99,0.909,0.029,0,19.33,1.561,19.6,68.56,1015,19.84,-3.711,0,1,20480,1240,0,8,0,6,0,22.125,1013.830139,62.25,0,0,0,0
30/06/2021 7:00,4366,12.04,20.99,0.909,0.029,0,19.35,1.561,19.6,68.58,1015,19.87,-3.626,0,1,24192,1424,0,8,0,6,0,22.125,1013.739807,62.25,0,0,0,0
30/06/2021 7:10,4367,12.05,20.99,0.909,0.028,0,19.36,1.561,19.6,68.6,1015,19.87,-3.529,0,0,22784,1408,0,8,0,6,0,22.125,1013.779602,62.25,0,0,0,0
30/06/2021 7:20,4368,12.05,20.99,0.909,0.028,0,19.34,1.561,19.6,68.6,1015,19.87,-3.655,0,0,9024,884,0,8,0,6,0,22.125,1013.749207,62.25,0,0,0,0
30/06/2021 7:30,4369,12.05,20.99,0.909,0.028,0,19.33,1.562,19.6,68.6,1015,19.85,-3.534,0,0,3392,520,0,8,0,6,0,22.125,1013.778503,62.25,0,0,0,0
30/06/2021 7:40,4370,12.05,20.99,0.909,0.028,0,19.32,1.563,19.6,68.6,1015,19.84,-3.569,0,0,1928,400,0,8,0,6,0,22.125,1013.800049,62.25,0,0,0,0
30/06/2021 7:50,4371,12.05,21.02,0.91,0.028,0,19.32,1.563,19.6,68.68,1015,19.84,-3.658,0,0,1544,368,0,8,0,6,0,22.125,1013.757324,62.25,0,0,0,0
30/06/2021 8:00,4372,12.05,21.02,0.909,0.028,0,19.32,1.564,19.6,68.7,1015,19.82,-3.478,0,0,1584,334,0,8,0,6,0,22.125,1013.73822,62.25,0,0,0,0
30/06/2021 8:10,4373,12.04,20.99,0.906,0.028,0,19.32,1.564,19.6,68.7,1015,19.82,-3.565,0,0,1192,302,0,8,0,6,0,22.125,1013.718201,62.25,0,0,0,0
30/06/2021 8:20,4374,12.05,21.02,0.906,0.028,0,19.32,1.564,19.6,68.7,1015,19.81,-3.596,0,0,1264,302,0,8,0,6,0,22.125,1013.707825,62.25,0,0,0,0
30/06/2021 8:30,4375,12.04,21.02,0.909,0.028,0,19.32,1.565,19.6,68.68,1014,19.81,-3.562,0,0,1224,284,0,8,0,6,0,22.125,1013.678406,62.25,0,0,0,0
30/06/2021 8:40,4376,12.05,21.02,0.908,0.029,0,19.35,1.569,19.6,68.8,1014,19.82,-3.507,0,0,1032,247,0,8,0,6,0,22.125,1013.705566,62.25,0,0,0,0
30/06/2021 8:50,4377,12.04,21.02,0.906,0.029,0,19.35,1.569,19.6,68.77,1014,19.82,-3.724,0,0,860,231,0,8,0,6,0,22.25,1013.654297,62.25,0,0,0,0
30/06/2021 9:00,4378,12.04,21.04,0.902,0.028,0,19.36,1.573,19.6,68.85,1014,19.82,-3.549,0,1,712,206,0,8,0,6,0,22.25,1013.664429,62.25,0,0,0,0
30/06/2021 9:10,4379,12.05,21.04,0.903,0.029,0,19.37,1.575,19.6,68.91,1014,19.85,-3.225,0,1,1408,243,0,8,0,6,0,22.25,1013.653381,62.25,0,0,0,0
30/06/2021 9:20,4380,12.05,21.04,0.901,0.029,0,19.4,1.575,19.62,68.9,1014,19.93,-3.341,0,1,4992,436,0,8,0,6,0,22.125,1013.623535,62.25,0,0,0,0
30/06/2021 9:30,4381,12.05,21.04,0.901,0.029,0,19.42,1.576,19.63,68.9,1014,19.95,-3.285,0,1,11072,780,0,8,0,6,0,22.125,1013.522156,62.25,0,0,0,0
30/06/2021 9:40,4382,12.03,21.04,0.902,0.029,0,19.42,1.577,19.6,68.99,1014,19.98,-3.266,0,1,17664,1112,0,8,0,6,0,22.125,1013.481689,62.25,0,0,0,0
30/06/2021 9:50,4383,12.05,21.04,0.901,0.029,0,19.44,1.577,19.61,69,1014,19.98,-3.377,0,1,24832,1424,0,8,0,6,0,22.125,1013.532898,62.5,0,0,0,0
30/06/2021 10:00,4384,12.04,21.04,0.903,0.029,0,19.44,1.576,19.6,69,1014,19.98,-3.334,0,1,28032,1560,0,8,0,6,0,22.125,1013.503052,62.25,0,0,0,0
30/06/2021 10:10,4385,12.05,21.04,0.903,0.028,0,19.43,1.576,19.6,69,1014,19.96,-3.511,0,0,26368,1544,0,8,0,6,0,22.125,1013.371033,62.5,0,0,0,0
30/06/2021 10:20,4386,12.05,21.04,0.903,0.028,0,19.39,1.576,19.6,69.06,1014,19.93,-3.665,0,0,9664,916,0,8,0,6,0,22.125,1013.402527,62.5,0,0,0,0
30/06/2021 10:30,4387,12.04,21.04,0.904,0.028,0,19.36,1.576,19.6,69.1,1014,19.9,-3.577,0,0,3616,576,0,8,0,6,0,22.125,1013.360901,62.75,0,0,0,0
30/06/2021 10:40,4388,12.05,21.04,0.903,0.028,0,19.34,1.576,19.6,69.1,1014,19.85,-3.485,0,0,1920,446,0,8,0,6,0,22.125,1013.402283,62.5,0,0,0,0
30/06/2021 10:50,4389,12.04,21.04,0.903,0.028,0,19.32,1.576,19.6,69.1,1014,19.81,-3.677,0,0,1752,410,0,8,0,6,0,22.125,1013.442749,62.5,0,0,0,0
30/06/2021 11:00,4390,12.04,21.04,0.905,0.028,0,19.3,1.575,19.6,69.09,1014,19.79,-3.679,0,0,1768,372,0,8,0,6,0,22.125,1013.413086,62.5,0,0,0,0
30/06/2021 11:10,4391,12.04,21.04,0.902,0.028,0,19.29,1.575,19.6,69.08,1014,19.78,-3.431,0,0,1808,352,0,8,0,6,0,22.125,1013.373535,62.5,0,0,0,0
30/06/2021 11:20,4392,12.05,21.02,0.903,0.028,0,19.28,1.574,19.6,69.07,1014,19.76,-3.548,0,0,1672,332,4,8,0,6,0,22.125,1013.402039,62.25,0,0,0,0
30/06/2021 11:30,4393,12.05,21.02,0.902,0.028,0,19.27,1.574,19.6,69.1,1014,19.73,-3.603,0,0,1408,306,0,8,0,6,0,22.125,1013.412842,62.5,0,0,0,0
30/06/2021 11:40,4394,12.04,21.02,0.905,0.028,0,19.27,1.574,19.6,69.1,1014,19.72,-3.462,0,0,1336,274,0,8,0,6,0,22.125,1013.423462,62.5,0,0,0,0
30/06/2021 11:50,4395,12.05,21.02,0.905,0.028,0,19.26,1.574,19.6,69.1,1014,19.71,-3.544,0,0,1160,255,0,8,0,6,0,22.125,1013.382324,62.5,0,0,0,0
30/06/2021 12:00,4396,12.05,21.02,0.905,0.028,0,19.25,1.574,19.6,69.1,1014,19.7,-3.566,0,1,972,236,0,8,0,6,0,22.125,1013.433289,62.5,0,0,0,0
30/06/2021 12:10,4397,12.05,21.02,0.904,0.029,0,19.26,1.573,19.6,69.1,1014,19.72,-3.281,0,1,1440,251,0,8,0,6,0,22.125,1013.353088,62.5,0,0,0,0
30/06/2021 12:20,4398,12.05,21.02,0.904,0.029,0,19.28,1.573,19.6,69.1,1014,19.78,-3.288,0,1,4832,442,0,8,0,6,0,22.125,1013.363403,62.5,0,0,0,0
30/06/2021 12:30,4399,12.05,21.02,0.906,0.029,0,19.3,1.573,19.6,69.1,1014,19.82,-3.299,0,1,9984,732,0,8,0,6,0,22.125,1013.413574,62.5,0,0,0,0
30/06/2021 12:40,4400,12.04,21.02,0.905,0.029,0,19.32,1.573,19.6,69.1,1014,19.84,-3.243,0,1,16384,1032,0,8,0,6,0,22.125,1013.313049,62.25,0,0,0,0
30/06/2021 12:50,4401,12.04,21.02,0.904,0.029,0,19.33,1.574,19.6,69.1,1014,19.87,-3.334,0,1,21504,1296,0,8,0,6,0,22.125,1013.311462,62.5,0,0,0,0
30/06/2021 13:00,4402,12.05,21.02,0.906,0.029,0,19.34,1.575,19.6,69.16,1014,19.87,-3.287,0,1,27904,1544,0,8,0,6,0,22.125,1013.262695,62.75,0,0,0,0
30/06/2021 13:10,4403,12.05,21.02,0.906,0.028,0,19.34,1.576,19.6,69.2,1014,19.86,-3.595,0,0,25600,1528,0,8,0,6,0,22.125,1013.161743,62.75,0,0,0,0
30/06/2021 13:20,4404,12.03,21.02,0.906,0.028,0,19.31,1.576,19.6,69.22,1014,19.83,-3.61,0,0,9472,888,0,8,0,6,0,22.125,1013.171875,63,0,0,0,0
30/06/2021 13:30,4405,12.04,21.02,0.907,0.028,0,19.28,1.577,19.6,69.3,1014,19.81,-3.544,0,0,3392,556,0,8,0,6,0,22.125,1013.251221,63,0,0,0,0
30/06/2021 13:40,4406,12.05,21.02,0.907,0.028,0,19.27,1.577,19.6,69.3,1014,19.79,-3.518,0,0,2040,436,0,8,0,6,0,22.125,1013.302734,63,0,0,0,0
30/06/2021 13:50,4407,12.05,21.02,0.908,0.028,0,19.25,1.578,19.6,69.3,1014,19.77,-3.662,0,0,1864,400,0,8,0,6,0,22.125,1013.322937,63,0,0,0,0
30/06/2021 14:00,4408,12.05,21.02,0.907,0.028,0,19.25,1.578,19.6,69.32,1014,19.75,-3.539,0,0,1808,372,0,8,0,6,0,22.125,1013.313721,63,0,0,0,0
30/06/2021 14:10,4409,12.04,21.02,0.908,0.028,0,19.24,1.58,19.6,69.4,1014,19.72,-3.537,0,0,1784,358,0,8,0,6,0,22.125,1013.171875,63,0,0,0,0
30/06/2021 14:20,4410,12.04,21.02,0.908,0.028,0,19.24,1.58,19.6,69.4,1014,19.72,-3.591,0,0,1696,332,0,8,0,6,0,22.125,1013.131165,63,0,0,0,0
30/06/2021 14:30,4411,12.04,21.02,0.907,0.028,0,19.25,1.58,19.6,69.4,1014,19.73,-3.548,0,0,1152,284,0,8,0,6,0,22.125,1013.414246,63,0,0,0,0
30/06/2021 14:40,4412,12.05,21.02,0.908,0.028,0,19.26,1.582,19.6,69.46,1014,19.72,-3.516,0,0,1440,284,0,8,0,6,0,22.125,1013.313721,63,0,0,0,0
30/06/2021 14:50,4413,12.05,21.02,0.908,0.028,0,19.28,1.582,19.6,69.5,1014,19.75,-3.591,0,0,868,243,0,8,0,6,0,22.125,1013.353088,63,0,0,0,0
30/06/2021 15:00,4414,12.04,21.02,0.906,0.028,0,19.29,1.582,19.6,69.5,1014,19.76,-3.514,0,1,844,227,0,8,0,6,0,22.125,1013.30249,63,0,0,0,0
30/06/2021 15:10,4415,12.04,21.04,0.904,0.029,0,19.31,1.586,19.6,69.59,1014,19.78,-3.405,0,1,1152,230,0,8,0,6,0,22.125,1013.199951,62.75,0,0,0,0
30/06/2021 15:20,4416,12.05,21.07,0.9,0.029,0,19.34,1.597,19.64,69.85,1014,19.84,-3.718,0,1,4064,392,0,8,0,6,0,22.25,1013.136353,63.25,0,0,0,0
30/06/2021 15:30,4417,12.05,21.07,0.9,0.029,0,19.38,1.597,19.7,69.57,1014,19.92,-3.689,0,1,9344,708,0,8,0,6,0,22.25,1013.004578,62.75,0,0,0,0
30/06/2021 15:40,4418,12.05,21.1,0.901,0.029,0,19.41,1.596,19.7,69.37,1014,19.95,-3.728,0,1,14336,936,0,8,0,6,0,22.25,1013.044128,63,0,0,0,0
30/06/2021 15:50,4419,12.04,21.1,0.903,0.029,0,19.43,1.594,19.7,69.3,1014,19.98,-3.775,0,1,19712,1216,0,8,0,6,0,22.25,1013.03241,63,0,0,0,0
30/06/2021 16:00,4420,12.05,21.1,0.904,0.029,0,19.45,1.595,19.7,69.3,1014,20,-3.617,0,1,23552,1408,0,8,0,6,0,22.25,1013.14325,63,0,0,0,0
30/06/2021 16:10,4421,12.05,21.12,0.905,0.029,0,19.46,1.594,19.7,69.3,1014,19.98,-3.575,0,0,25344,1488,0,8,0,6,0,22.25,1013.285339,62.75,0,0,0,0
30/06/2021 16:20,4422,12.04,21.1,0.905,0.029,0,19.45,1.593,19.7,69.35,1014,19.98,-3.649,0,0,8832,876,0,8,0,6,0,22.25,1013.304871,62.75,0,0,0,0
30/06/2021 16:30,4423,12.05,21.1,0.905,0.029,0,19.44,1.592,19.7,69.4,1014,19.96,-3.661,0,0,2912,494,0,8,0,6,0,22.25,1013.183716,63,0,0,0,0
30/06/2021 16:40,4424,12.05,21.1,0.905,0.029,0,19.43,1.591,19.7,69.4,1014,19.95,-3.547,0,0,1896,410,0,8,0,6,0,22.25,1012.961548,63,0,0,0,0
30/06/2021 16:50,4425,12.04,21.1,0.906,0.029,0,19.42,1.591,19.7,69.4,1014,19.94,-3.615,0,0,1560,368,0,8,0,6,0,22.25,1012.870361,63,0,0,0,0
30/06/2021 17:00,4426,12.05,21.1,0.906,0.028,0,19.42,1.59,19.7,69.45,1014,19.94,-3.597,0,0,1320,326,0,8,0,6,0,22.25,1012.911499,62.75,0,0,0,0
30/06/2021 17:10,4427,12.04,21.07,0.906,0.028,0,19.41,1.59,19.7,69.5,1014,19.93,-3.569,0,0,1200,300,0,8,0,6,0,22.25,1013.052856,63,0,0,0,0
30/06/2021 17:20,4428,12.04,21.07,0.906,0.028,0,19.4,1.59,19.7,69.5,1014,19.91,-3.606,0,0,1224,286,0,8,0,6,0,22.25,1012.991516,63,0,0,0,0
30/06/2021 17:30,4429,12.05,21.07,0.906,0.028,0,19.39,1.59,19.65,69.5,1014,19.87,-3.541,0,0,1040,266,0,8,0,6,0,22.25,1013.114014,63,0,0,0,0
30/06/2021 17:40,4430,12.04,21.07,0.906,0.028,0,19.38,1.591,19.6,69.6,1014,19.85,-3.555,0,0,1040,248,0,8,0,6,0,22.25,1013.134766,63,0,0,0,0
30/06/2021 17:50,4431,12.05,21.07,0.907,0.028,0,19.36,1.591,19.6,69.6,1014,19.83,-3.655,0,0,1040,238,0,8,0,6,0,22.125,1013.185974,62.75,0,0,0,0
30/06/2021 18:00,4432,12.05,21.07,0.907,0.028,0,19.35,1.591,19.6,69.6,1014,19.81,-3.623,0,1,960,219,0,8,0,6,0,22.25,1013.195435,63,0,0,0,0
30/06/2021 18:10,4433,12.04,21.07,0.907,0.029,0,19.35,1.591,19.6,69.6,1014,19.81,-3.265,0,1,1456,249,0,8,0,6,0,22.25,1013.165527,63,0,0,0,0
30/06/2021 18:20,4434,12.04,21.07,0.907,0.029,0,19.36,1.59,19.6,69.6,1014,19.86,-3.376,0,1,5184,452,0,8,0,6,0,22.25,1013.27771,63,0,0,0,0
30/06/2021 18:30,4435,12.05,21.07,0.908,0.029,0,19.38,1.59,19.6,69.6,1014,19.91,-3.28,0,1,10432,756,0,8,0,6,0,22.125,1013.348816,63,0,0,0,0
30/06/2021 18:40,4436,12.04,21.07,0.908,0.029,0,19.39,1.59,19.6,69.6,1014,19.93,-3.254,0,1,16384,1032,0,8,0,6,0,22.125,1013.318665,62.75,0,0,0,0
30/06/2021 18:50,4437,12.04,21.07,0.907,0.029,0,19.4,1.59,19.6,69.6,1014,19.95,-3.377,0,1,20992,1280,0,8,0,6,0,22.25,1013.267883,63,0,0,0,0
30/06/2021 19:00,4438,12.05,21.07,0.908,0.029,0,19.4,1.589,19.6,69.6,1014,19.93,-3.318,0,1,28416,1560,0,8,0,6,0,22.125,1013.207581,63,0,0,0,0
30/06/2021 19:10,4439,12.05,21.07,0.908,0.028,0,19.4,1.589,19.6,69.61,1014,19.93,-3.562,0,0,26880,1552,0,8,0,6,0,22.125,1013.247864,63,0,0,0,0
30/06/2021 19:20,4440,12.04,21.04,0.907,0.028,0,19.36,1.589,19.6,69.6,1014,19.9,-3.592,0,0,9216,880,0,8,0,6,0,22.25,1013.318665,62.75,0,0,0,0
30/06/2021 19:30,4441,12.05,21.04,0.907,0.028,0,19.34,1.589,19.6,69.6,1014,19.86,-3.657,0,0,3488,564,0,8,0,6,0,22.125,1013.349731,63,0,0,0,0
30/06/2021 19:40,4442,12.05,21.04,0.908,0.028,0,19.31,1.589,19.6,69.6,1014,19.83,-3.449,0,0,1976,436,0,8,0,6,0,22.125,1013.430786,63,0,0,0,0
30/06/2021 19:50,4443,12.05,21.04,0.908,0.028,0,19.3,1.588,19.6,69.63,1014,19.8,-3.625,0,0,1808,404,0,8,0,6,0,22.125,1013.420715,63,0,0,0,0
30/06/2021 20:00,4444,12.05,21.04,0.907,0.028,0,19.29,1.588,19.6,69.64,1014,19.79,-3.517,0,0,1560,366,0,8,0,6,0,22.25,1013.511108,63,0,0,0,0
30/06/2021 20:10,4445,12.04,21.04,0.908,0.028,0,19.27,1.588,19.6,69.61,1014,19.77,-3.503,0,0,1800,366,0,8,0,6,0,22.125,1013.572266,63,0,0,0,0
30/06/2021 20:20,4446,12.05,21.04,0.908,0.028,0,19.27,1.587,19.6,69.6,1014,19.75,-3.565,0,0,1760,340,0,8,0,6,0,22.125,1013.623291,63,0,0,0,0
30/06/2021 20:30,4447,12.05,21.04,0.908,0.028,0,19.26,1.587,19.6,69.6,1014,19.73,-3.523,0,0,1000,270,0,8,0,6,0,22.125,1013.663513,63,0,0,0,0
30/06/2021 20:40,4448,12.05,21.04,0.909,0.028,0,19.26,1.585,19.6,69.53,1014,19.73,-3.446,0,0,1360,284,0,8,0,6,0,22.125,1013.673645,63,0,0,0,0
30/06/2021 20:50,4449,12.04,21.04,0.909,0.028,0,19.25,1.584,19.6,69.5,1015,19.71,-3.546,0,0,944,244,0,8,0,6,0,22.125,1013.795044,63,0,0,0,0
30/06/2021 21:00,4450,12.04,21.04,0.909,0.028,0,19.25,1.583,19.6,69.5,1015,19.71,-3.563,0,1,1160,243,0,8,0,6,0,22.125,1013.745117,63,0,0,0,0
30/06/2021 21:10,4451,12.04,21.04,0.908,0.029,0,19.25,1.584,19.6,69.5,1015,19.72,-3.45,0,1,1696,272,0,8,0,6,0,22.125,1013.957214,63,0,0,0,0
30/06/2021 21:20,4452,12.04,21.04,0.909,0.029,0,19.28,1.585,19.6,69.5,1015,19.78,-3.359,0,1,5248,468,0,8,0,6,0,22.125,1014.007507,63,0,0,0,0
30/06/2021 21:30,4453,12.05,21.04,0.909,0.029,0,19.3,1.585,19.6,69.5,1015,19.81,-3.22,0,1,10176,756,0,8,0,6,0,22.125,1013.856689,63,0,0,0,0
30/06/2021 21:40,4454,12.05,21.04,0.909,0.029,0,19.32,1.585,19.6,69.57,1015,19.84,-3.209,0,1,16000,1016,0,8,0,6,0,22.125,1014.048889,63,0,0,0,0
30/06/2021 21:50,4455,12.04,21.04,0.909,0.029,0,19.33,1.586,19.6,69.6,1015,19.86,-3.267,0,1,22528,1328,0,8,0,6,0,22.125,1013.938965,63,0,0,0,0
30/06/2021 22:00,4456,12.05,21.04,0.91,0.029,0,19.34,1.586,19.6,69.6,1015,19.87,-3.423,0,1,25856,1488,0,8,0,6,0,22.125,1013.847229,63,0,0,0,0
30/06/2021 22:10,4457,12.05,21.04,0.909,0.028,0,19.33,1.586,19.6,69.6,1015,19.86,-3.517,0,0,24448,1488,0,8,0,6,0,22.125,1013.777344,63,0,0,0,0
30/06/2021 22:20,4458,12.05,21.04,0.907,0.028,0,19.31,1.587,19.6,69.6,1015,19.84,-3.558,0,0,9088,868,0,8,0,6,0,22.125,1013.737122,63,0,0,0,0
30/06/2021 22:30,4459,12.04,21.04,0.909,0.028,0,19.31,1.588,19.6,69.66,1015,19.83,-3.47,0,0,3408,544,0,8,0,6,0,22.125,1013.7677,63,0,0,0,0
30/06/2021 22:40,4460,12.05,21.02,0.911,0.028,0,19.31,1.588,19.6,69.7,1015,19.82,-3.433,0,0,1720,414,0,8,0,6,0,22.125,1013.807678,63,0,0,0,0
30/06/2021 22:50,4461,12.04,21.02,0.91,0.028,0,19.31,1.589,19.6,69.7,1015,19.81,-3.584,0,0,1728,384,0,8,0,6,0,22.125,1013.837097,63,0,0,0,0
30/06/2021 23:00,4462,12.05,21.02,0.909,0.028,0,19.31,1.59,19.6,69.78,1015,19.81,-3.587,0,0,1400,338,0,8,0,6,0,22.125,1013.746521,63,0,0,0,0
30/06/2021 23:10,4463,12.05,21.02,0.907,0.028,0,19.33,1.59,19.6,69.8,1015,19.81,-3.5,0,0,1368,316,0,8,0,6,0,22.125,1013.725403,63,0,0,0,0
30/06/2021 23:20,4464,12.04,21.02,0.911,0.028,0,19.33,1.591,19.6,69.8,1015,19.81,-3.5,0,0,1280,306,0,8,0,6,0,22.25,1013.714111,63,0,0,0,0
30/06/2021 23:30,4465,12.05,21.02,0.908,0.028,0,19.33,1.592,19.6,69.8,1015,19.81,-3.51,0,0,996,266,0,8,0,6,0,22.25,1013.693665,63,0,0,0,0
30/06/2021 23:40,4466,12.04,21.02,0.909,0.028,0,19.34,1.592,19.6,69.83,1014,19.81,-3.509,0,0,1112,264,0,8,0,6,0,22.125,1013.613464,63,0,0,0,0
30/06/2021 23:50,4467,12.05,21.02,0.91,0.028,0,19.34,1.593,19.6,69.9,1014,19.82,-3.573,0,0,764,219,0,8,0,6,0,22.125,1013.582397,63,0,0,0,0
01/07/2021 0:00,4468,12.04,21.02,0.909,0.028,0,19.34,1.594,19.6,69.9,1014,19.82,-3.546,0,1,1872,220,0,8,0,6,0,22.125,1013.47113,63,0,0,0,0
01/07/2021 0:10,4469,12.05,21.04,0.908,0.029,0,19.36,1.594,19.6,69.9,1014,19.83,-3.537,0,1,1896,214,0,8,0,6,0,22.25,1013.491089,63,0,0,0,0
01/07/2021 0:20,4470,12.05,21.04,0.909,0.029,0,19.37,1.595,19.6,69.9,1014,19.9,-3.557,0,1,4864,390,0,8,0,6,0,22.25,1013.520813,63,0,0,0,0
01/07/2021 0:30,4471,12.04,21.04,0.91,0.029,0,19.4,1.596,19.6,69.9,1014,19.94,-3.576,0,1,9920,692,0,8,0,6,0,22.25,1013.511108,63,0,0,0,0
01/07/2021 0:40,4472,12.05,21.04,0.908,0.029,0,19.41,1.596,19.6,69.98,1014,19.95,-3.549,0,1,16000,984,0,8,0,6,0,22.125,1013.511108,63.25,0,0,0,0
01/07/2021 0:50,4473,12.05,21.04,0.909,0.029,0,19.43,1.596,19.6,70,1014,19.97,-3.633,0,1,20736,1240,0,8,0,6,0,22.25,1013.479675,63.25,0,0,0,0
01/07/2021 1:00,4474,12.05,21.04,0.909,0.029,0,19.45,1.598,19.6,70,1014,19.98,-3.464,0,1,24320,1416,0,8,0,6,0,22.25,1013.490173,63.5,0,0,0,0
01/07/2021 1:10,4475,12.04,21.04,0.909,0.029,0,19.45,1.6,19.6,70.09,1014,19.97,-3.5,0,0,23936,1432,0,8,0,6,0,22.25,1013.419617,63.5,0,0,0,0
01/07/2021 1:20,4476,12.05,21.04,0.909,0.029,0,19.44,1.601,19.6,70.1,1014,19.95,-3.563,0,0,9536,884,0,8,0,6,0,22.25,1013.479431,63.5,0,0,0,0
01/07/2021 1:30,4477,12.04,21.04,0.909,0.028,0,19.42,1.601,19.6,70.1,1014,19.94,-3.464,0,0,3824,560,0,8,0,6,0,22.25,1013.36853,63.5,0,0,0,0
01/07/2021 1:40,4478,12.05,21.04,0.909,0.028,0,19.39,1.602,19.6,70.14,1014,19.91,-3.47,0,0,2320,434,0,8,0,6,0,22.25,1013.327637,63.5,0,0,0,0
01/07/2021 1:50,4479,12.04,21.04,0.91,0.028,0,19.37,1.603,19.6,70.2,1014,19.87,-3.602,0,0,1832,380,0,8,0,6,0,22.25,1013.297729,63.5,0,0,0,0
01/07/2021 2:00,4480,12.04,21.04,0.91,0.028,0,19.35,1.604,19.6,70.25,1014,19.83,-3.498,0,0,1792,350,0,8,0,5,0,22.25,1013.176514,63.5,0,0,0,0
01/07/2021 2:10,4481,12.05,21.04,0.908,0.028,0,19.33,1.604,19.6,70.3,1014,19.81,-3.495,0,0,1376,312,0,8,0,6,0,22.25,1013.105469,63.5,0,0,0,0
01/07/2021 2:20,4482,12.04,21.04,0.909,0.028,0,19.33,1.605,19.6,70.34,1014,19.79,-3.527,0,0,1520,316,0,8,0,6,0,22.25,1012.963806,63.5,0,0,0,0
01/07/2021 2:30,4483,12.05,21.04,0.909,0.028,0,19.31,1.606,19.6,70.4,1014,19.79,-3.492,0,0,1072,256,0,8,0,6,0,22.125,1012.863403,63.5,0,0,0,0
01/07/2021 2:40,4484,12.05,21.04,0.909,0.028,0,19.3,1.606,19.6,70.4,1014,19.77,-3.496,0,0,1416,274,0,8,0,6,0,22.125,1012.893738,63.5,0,0,0,0
01/07/2021 2:50,4485,12.04,21.04,0.908,0.028,0,19.29,1.607,19.6,70.4,1014,19.75,-3.519,0,0,1152,253,0,8,0,6,0,22.125,1012.9245,63.5,0,0,0,0
01/07/2021 3:00,4486,12.05,21.04,0.91,0.028,0,19.29,1.607,19.6,70.4,1014,19.75,-3.49,0,1,1152,230,0,8,0,6,0,22.125,1012.873718,63.5,0,0,0,0
01/07/2021 3:10,4487,12.05,21.04,0.905,0.029,0,19.28,1.608,19.6,70.5,1014,19.76,-3.22,0,1,1576,256,0,8,0,6,0,22.125,1012.782898,63.5,0,0,0,0
01/07/2021 3:20,4488,12.03,21.04,0.903,0.029,0,19.31,1.609,19.6,70.5,1014,19.81,-3.265,0,1,4576,420,0,8,0,6,0,22.125,1012.914429,63.5,0,0,0,0
01/07/2021 3:30,4489,12.05,21.04,0.906,0.029,0,19.33,1.609,19.6,70.5,1014,19.84,-3.278,0,1,9984,724,0,8,0,6,0,22.125,1012.793457,63.5,0,0,0,0
01/07/2021 3:40,4490,12.04,21.04,0.906,0.029,0,19.35,1.61,19.6,70.53,1014,19.87,-3.249,0,1,15872,1000,0,8,0,6,0,22.125,1012.82428,63.5,0,0,0,0
01/07/2021 3:50,4491,12.04,21.04,0.907,0.029,0,19.36,1.611,19.6,70.6,1014,19.89,-3.332,0,1,20992,1272,0,8,0,6,0,22.125,1012.712463,63.5,0,0,0,0
01/07/2021 4:00,4492,12.04,21.04,0.906,0.029,0,19.37,1.612,19.6,70.6,1014,19.92,-3.318,0,1,26880,1512,0,8,0,6,0,22.125,1012.732727,63.5,0,0,0,0
01/07/2021 4:10,4493,12.05,21.04,0.907,0.029,0,19.36,1.612,19.6,70.69,1014,19.88,-3.506,0,0,25344,1504,0,8,0,6,0,22.125,1012.651611,63.5,0,0,0,0
01/07/2021 4:20,4494,12.05,21.04,0.906,0.029,0,19.34,1.613,19.6,70.7,1013,19.87,-3.632,0,0,9984,900,0,8,0,6,0,22.125,1012.560547,63.5,0,0,0,0
01/07/2021 4:30,4495,12.04,21.04,0.905,0.029,0,19.32,1.613,19.6,70.71,1013,19.83,-3.451,0,0,3520,560,0,8,0,6,0,22.125,1012.560547,63.5,0,0,0,0
01/07/2021 4:40,4496,12.05,21.04,0.906,0.029,0,19.3,1.614,19.6,70.8,1013,19.81,-3.569,0,0,1992,438,0,8,0,6,0,22.125,1012.591064,63.5,0,0,0,0
01/07/2021 4:50,4497,12.04,21.04,0.906,0.029,0,19.28,1.614,19.6,70.8,1013,19.79,-3.544,0,0,1624,384,0,8,0,6,0,22.25,1012.630859,63.5,0,0,0,0
01/07/2021 5:00,4498,12.05,21.04,0.906,0.028,0,19.27,1.615,19.6,70.8,1013,19.77,-3.504,0,0,1736,360,0,8,0,6,0,22.125,1012.651611,63.75,0,0,0,0
01/07/2021 5:10,4499,12.05,21.02,0.905,0.028,0,19.26,1.617,19.6,70.8,1013,19.75,-3.457,0,0,1672,338,0,8,0,6,0,22.125,1012.682373,64,0,0,0,0
01/07/2021 5:20,4500,12.04,21.04,0.904,0.028,0,19.26,1.617,19.6,70.86,1014,19.73,-3.471,0,0,1352,306,0,8,0,6,0,22.125,1012.692505,64,0,0,0,0
01/07/2021 5:30,4501,12.05,21.04,0.905,0.028,0,19.25,1.617,19.6,70.9,1014,19.72,-3.442,0,0,1360,294,0,8,0,6,0,22.125,1012.671997,64,0,0,0,0
01/07/2021 5:40,4502,12.04,21.04,0.905,0.028,0,19.25,1.617,19.6,70.9,1014,19.72,-3.494,0,0,1344,270,0,8,0,6,0,22.125,1012.693176,64,0,0,0,0
01/07/2021 5:50,4503,12.04,21.04,0.905,0.028,0,19.24,1.618,19.6,70.9,1014,19.71,-3.512,0,0,1136,252,0,8,0,6,0,22.125,1012.652283,64,0,0,0,0
01/07/2021 6:00,4504,12.04,21.04,0.906,0.029,0,19.24,1.618,19.6,70.95,1014,19.7,-3.439,0,1,1232,244,0,8,0,6,0,22.125,1012.723267,64,0,0,0,0
01/07/2021 6:10,4505,12.05,21.04,0.905,0.029,0,19.25,1.62,19.6,71,1014,19.72,-3.563,0,1,1384,247,0,8,0,6,0,22.125,1012.702332,64,0,0,0,0
01/07/2021 6:20,4506,12.04,21.04,0.907,0.029,0,19.28,1.62,19.6,71,1014,19.78,-3.633,0,1,4544,422,0,8,0,6,0,22.125,1012.74353,64,0,0,0,0
01/07/2021 6:30,4507,12.05,21.04,0.907,0.029,0,19.3,1.62,19.6,71,1014,19.82,-3.596,0,1,9472,712,0,8,0,6,0,22.125,1012.683289,64,0,0,0,0