Measurement time,radon,radon error,noise,status,reloc,external input,reserved,temperature,pressure,humidity,gamma dose rate_qa,voltage,reserveqa1,reserveqa2
2021-10-23 09:50:00,44.5,49.25,1,8,3,6,0,19.375,994.6532592773438,50.25,0.0,0.0,0,0
2021-10-23 10:00:00,15.8125,33.25,1,8,0,6,0,19.5,994.6278076171875,52.0,0.0,0.0,0,0
2021-10-23 10:10:00,44.0,37.75,4,8,0,5,0,19.875,994.6339721679688,50.25,0.0,0.0,0,0
2021-10-23 10:20:00,55.5,39.25,0,8,0,6,0,20.0,994.5682983398438,50.25,0.0,0.0,0,0
2021-10-23 10:30:00,47.75,38.5,0,8,0,6,0,20.0,994.5325317382812,49.25,0.0,0.0,0,0
2021-10-23 10:40:00,32.5,36.5,1,8,0,6,0,20.25,994.5076904296875,49.25,0.0,0.0,0,0
2021-10-23 10:50:00,8.0625,30.625,1,8,0,6,0,20.75,994.4647827148438,49.25,0.0,0.0,0,0
2021-10-23 11:00:00,38.0,36.75,0,8,0,6,0,21.125,994.397216796875,47.5,0.0,0.0,0,0
2021-10-23 11:10:00,19.0,33.5,1,8,0,6,0,21.125,994.3108520507812,47.5,0.0,0.0,0,0
2021-10-23 11:20:00,22.375,34.25,1,8,0,6,0,20.875,994.2081298828125,48.5,0.0,0.0,0,0
2021-10-23 11:30:00,58.75,39.25,0,8,0,6,0,20.875,994.0419311523438,49.75,0.0,0.0,0,0
2021-10-23 11:40:00,-1.6640625,27.25,1,8,0,6,0,21.0,993.8911743164062,49.75,0.0,0.0,0,0
2021-10-23 11:50:00,92.5,43.25,0,8,0,6,0,21.125,993.7648315429688,50.25,0.0,0.0,0,0
2021-10-23 12:00:00,71.5,41.25,0,8,0,6,0,21.25,993.669677734375,50.25,0.0,0.0,0,0
2021-10-23 12:10:00,84.5,43.0,0,8,0,6,0,21.25,993.5344848632812,50.25,0.0,0.0,0,0
2021-10-23 12:20:00,71.0,41.75,0,8,0,6,0,21.375,993.4139404296875,51.0,0.0,0.0,0,0
2021-10-23 12:30:00,125.0,48.0,0,8,0,6,0,22.0,993.3355102539062,50.5,0.0,0.0,0,0
2021-10-23 12:40:00,119.0,48.0,0,8,0,6,0,23.25,993.1907958984375,51.0,0.0,0.0,0,0
2021-10-23 12:50:00,122.5,48.25,0,8,0,6,0,25.25,993.0949096679688,49.75,0.0,0.0,0,0
2021-10-23 13:00:00,44.25,45.75,1,8,0,6,0,27.5,993.0119018554688,48.75,0.0,0.0,0,0
2021-10-23 13:10:00,41.25,38.75,32,8,0,6,0,29.375,992.9783935546875,45.5,0.0,0.0,0,0
2021-10-23 13:20:00,78.0,43.25,32,8,0,6,0,31.0,992.9283447265625,43.5,0.0,0.0,0,0
2021-10-23 13:30:00,48.0,45.75,32,8,0,6,0,32.25,992.909912109375,41.25,0.0,0.0,0,0
2021-10-23 13:40:00,5.0,32.25,33,8,0,6,0,33.5,992.808349609375,39.5,0.0,0.0,0,0
2021-10-23 13:50:00,24.25,35.75,33,8,0,6,0,34.5,992.8387451171875,37.25,0.0,0.0,0,0
2021-10-23 14:00:00,1.9140625,29.75,33,8,0,6,1,35.25,992.7847290039062,36.5,0.0,0.0,0,0
2021-10-23 14:10:00,38.0,37.25,32,8,0,6,1,36.0,992.85009765625,36.25,0.0,0.0,0,0
2021-10-23 14:20:00,50.75,38.75,32,8,0,6,1,36.5,992.9243774414062,34.5,0.0,0.0,0,0
2021-10-23 14:30:00,57.25,45.75,32,8,0,7,1,37.0,992.986083984375,33.25,0.0,0.0,0,0
2021-10-23 14:40:00,47.25,38.75,32,8,0,7,1,37.5,992.954345703125,32.0,0.0,0.0,0,0
2021-10-23 14:50:00,33.75,36.75,33,8,0,7,1,37.75,992.97119140625,30.5,0.0,0.0,0,0
2021-10-23 15:00:00,51.0,38.75,32,8,0,7,1,37.75,992.956787109375,28.75,0.0,0.0,0,0
2021-10-23 15:10:00,31.25,36.5,1,8,0,7,1,37.75,992.9901733398438,27.625,0.0,0.0,0,0
2021-10-23 15:20:00,131.0,48.5,0,8,0,7,1,37.75,992.9521484375,27.625,0.0,0.0,0,0
2021-10-23 15:30:00,83.5,43.5,0,8,0,7,1,37.25,992.9458618164062,27.625,0.0,0.0,0,0
2021-10-23 15:40:00,212.0,57.75,0,8,0,7,1,37.0,992.9254760742188,27.625,0.0,0.0,0,0
2021-10-23 15:50:00,106.5,47.25,0,8,0,7,1,36.25,993.006103515625,27.125,0.0,0.0,0,0
2021-10-23 16:00:00,94.0,46.0,0,8,0,7,1,36.0,992.8853149414062,27.625,0.0,0.0,0,0
2021-10-23 16:10:00,43.0,40.0,0,8,0,7,1,35.5,992.8303833007812,28.875,0.0,0.0,0,0
2021-10-23 16:20:00,25.75,37.25,1,8,0,7,1,34.5,992.8308715820312,30.0,0.0,0.0,0,0
2021-10-23 16:30:00,28.5,37.25,1,8,0,7,1,33.5,992.6845092773438,31.125,0.0,0.0,0,0
2021-10-23 16:40:00,34.75,37.75,1,8,0,6,1,32.0,992.7090454101562,32.0,0.0,0.0,0,0
2021-10-23 16:50:00,90.5,50.0,0,8,0,6,1,30.125,992.6220703125,32.75,0.0,0.0,0,0
2021-10-23 17:00:00,39.25,38.5,0,8,0,6,1,28.25,992.6724853515625,33.75,0.0,0.0,0,0
2021-10-23 17:10:00,49.0,39.5,0,8,0,6,1,26.5,992.6858520507812,35.0,0.0,0.0,0,0
2021-10-23 17:20:00,51.5,39.75,0,8,0,6,0,25.0,992.695556640625,36.75,0.0,0.0,0,0
2021-10-23 17:30:00,7.625,32.25,1,8,0,6,0,23.625,992.6287841796875,38.0,0.0,0.0,0,0
2021-10-23 17:40:00,43.25,38.25,0,8,0,6,0,22.5,992.7386474609375,39.5,0.0,0.0,0,0
2021-10-23 17:50:00,75.0,42.0,0,8,0,6,0,21.5,992.7637939453125,41.75,0.0,0.0,0,0
2021-10-23 18:00:00,17.0,35.0,1,8,0,6,0,20.5,992.84033203125,43.0,0.0,0.0,0,0
2021-10-23 18:10:00,116.0,47.0,0,8,0,6,0,19.75,992.8291015625,44.75,0.0,0.0,0,0
2021-10-23 18:20:00,145.0,50.5,0,8,0,6,0,19.125,992.9702758789062,46.5,0.0,0.0,0,0
2021-10-23 18:30:00,180.0,59.5,0,8,0,6,0,18.5,992.836181640625,47.5,0.0,0.0,0,0
2021-10-23 18:40:00,195.0,57.0,0,8,0,6,0,17.75,992.8107299804688,49.25,0.0,0.0,0,0
2021-10-23 18:50:00,138.0,51.5,0,8,0,5,0,17.25,992.7579956054688,50.25,0.0,0.0,0,0
2021-10-23 19:00:00,46.75,41.25,0,8,0,6,0,16.625,992.7839965820312,51.75,0.0,0.0,0,0
2021-10-23 19:10:00,49.75,41.25,0,8,0,6,0,16.125,992.8663330078125,53.75,0.0,0.0,0,0
2021-10-23 19:20:00,60.25,42.0,0,8,0,6,0,15.75,992.8243408203125,55.0,0.0,0.0,0,0
2021-10-23 19:30:00,71.5,43.25,0,8,0,6,0,15.375,992.888427734375,56.0,0.0,0.0,0,0
2021-10-23 19:40:00,53.5,41.25,0,8,0,6,0,15.0,992.9515991210938,57.25,0.0,0.0,0,0
2021-10-23 19:50:00,-11.9375,27.875,1,8,0,5,0,14.6875,992.9493408203125,59.0,0.0,0.0,0,0
2021-10-23 20:00:00,109.0,46.75,0,8,0,5,0,14.375,992.9666137695312,59.5,0.0,0.0,0,0
2021-10-23 20:10:00,40.75,39.0,0,8,0,5,0,14.125,993.021484375,60.5,0.0,0.0,0,0
2021-10-23 20:20:00,45.25,39.25,0,8,0,5,0,13.8125,992.9838256835938,61.25,0.0,0.0,0,0
2021-10-23 20:30:00,53.25,40.0,0,8,0,5,0,13.5625,993.0372314453125,62.25,0.0,0.0,0,0
2021-10-23 20:40:00,84.5,44.0,0,8,0,5,0,13.25,993.0684204101562,63.0,0.0,0.0,0,0
2021-10-23 20:50:00,65.0,41.75,0,8,0,5,0,13.0625,992.9961547851562,63.5,0.0,0.0,0,0
2021-10-23 21:00:00,42.75,38.75,0,8,0,5,0,12.8125,993.0444946289062,64.5,0.0,0.0,0,0
2021-10-23 21:10:00,192.0,55.75,0,8,0,5,0,12.625,993.0206909179688,65.0,0.0,0.0,0,0
2021-10-23 21:20:00,169.0,54.0,0,8,0,5,0,12.5,992.9729614257812,66.0,0.0,0.0,0,0
2021-10-23 21:30:00,170.0,54.75,0,8,0,5,0,12.375,992.9356689453125,66.5,0.0,0.0,0,0
2021-10-23 21:40:00,228.0,61.0,0,8,0,5,0,12.1875,992.9890747070312,67.0,0.0,0.0,0,0
2021-10-23 21:50:00,245.0,63.0,0,8,0,5,0,12.0625,993.081787109375,67.5,0.0,0.0,0,0
2021-10-23 22:00:00,95.0,48.5,0,8,0,5,0,11.9375,993.1331176757812,68.5,0.0,0.0,0,0
2021-10-23 22:10:00,98.5,48.5,0,8,0,5,0,11.8125,993.0816650390625,68.5,0.0,0.0,0,0
2021-10-23 22:20:00,23.5,39.25,1,8,0,5,0,11.6875,993.0206909179688,69.5,0.0,0.0,0,0
2021-10-23 22:30:00,39.75,40.5,1,8,0,5,0,11.5625,993.039794921875,70.0,0.0,0.0,0,0
2021-10-23 22:40:00,77.0,44.75,0,8,0,5,0,11.5625,993.0648193359375,70.0,0.0,0.0,0,0
2021-10-23 22:50:00,50.25,41.25,0,8,0,5,0,11.5,992.9903564453125,70.5,0.0,0.0,0,0
2021-10-23 23:00:00,75.5,49.75,0,8,0,5,0,11.4375,993.00732421875,70.5,0.0,0.0,0,0
2021-10-23 23:10:00,25.0,37.75,1,8,0,5,0,11.3125,993.0228881835938,70.5,0.0,0.0,0,0
2021-10-23 23:20:00,44.5,39.75,0,8,0,5,0,11.25,993.0100708007812,71.0,0.0,0.0,0,0
2021-10-23 23:30:00,105.0,46.5,0,8,0,5,0,11.125,993.0569458007812,70.5,0.0,0.0,0,0
2021-10-23 23:40:00,48.0,40.5,0,8,0,5,0,11.0625,993.0227661132812,71.5,0.0,0.0,0,0
2021-10-23 23:50:00,68.5,48.25,0,8,0,5,0,10.9375,993.0496215820312,72.0,0.0,0.0,0,0
2021-10-24 00:00:00,94.5,45.5,0,8,0,5,0,10.875,992.9947509765625,72.0,0.0,0.0,0,0
2021-10-24 00:10:00,68.0,42.75,0,8,0,5,0,10.8125,992.9498901367188,72.0,0.0,0.0,0,0
2021-10-24 00:20:00,136.0,50.25,0,8,0,5,0,10.75,992.8134155273438,72.5,0.0,0.0,0,0
2021-10-24 00:30:00,249.0,62.0,0,8,0,5,0,10.6875,992.69677734375,72.5,0.0,0.0,0,0
2021-10-24 00:40:00,213.0,59.75,0,8,0,5,0,10.625,992.4595947265625,72.5,0.0,0.0,0,0
2021-10-24 00:50:00,188.0,62.25,0,8,0,5,0,10.5,992.4862060546875,72.5,0.0,0.0,0,0
2021-10-24 01:00:00,144.0,53.25,0,8,0,5,0,10.4375,992.45068359375,72.5,0.0,0.0,0,0
2021-10-24 01:10:00,75.0,46.0,0,8,0,5,0,10.375,992.4961547851562,72.5,0.0,0.0,0,0
2021-10-24 01:20:00,64.0,44.0,0,8,0,5,0,10.3125,992.5723876953125,73.0,0.0,0.0,0,0
2021-10-24 01:30:00,53.75,42.5,0,8,0,5,0,10.25,992.6373901367188,73.0,0.0,0.0,0,0
2021-10-24 01:40:00,108.0,48.5,0,8,0,5,0,10.1875,992.4811401367188,73.0,0.0,0.0,0,0
2021-10-24 01:50:00,65.5,43.5,0,8,0,5,0,10.125,992.4140014648438,73.5,0.0,0.0,0,0
2021-10-24 02:00:00,88.5,46.0,0,8,0,5,0,10.0625,992.3778076171875,74.0,0.0,0.0,0,0
2021-10-24 02:10:00,34.5,39.5,1,8,0,5,0,10.0625,992.3182983398438,74.0,0.0,0.0,0,0
2021-10-24 02:20:00,86.0,45.25,0,8,0,5,0,10.125,992.2586669921875,75.5,0.0,0.0,0,0
2021-10-24 02:30:00,85.0,45.25,0,8,0,5,0,10.125,992.17822265625,75.5,0.0,0.0,0,0
2021-10-24 02:40:00,31.875,38.75,1,8,0,5,0,10.1875,992.126708984375,75.5,0.0,0.0,0,0
2021-10-24 02:50:00,28.125,37.5,1,8,0,5,0,10.1875,992.0552368164062,75.5,0.0,0.0,0,0
2021-10-24 03:00:00,127.5,49.25,4,8,0,5,0,10.1875,992.1359252929688,75.5,0.0,0.0,0,0
2021-10-24 03:10:00,116.0,48.5,0,8,0,5,0,10.1875,992.1567993164062,75.5,0.0,0.0,0,0
2021-10-24 03:20:00,167.0,54.0,0,8,0,5,0,10.125,992.0963745117188,76.0,0.0,0.0,0,0
2021-10-24 03:30:00,185.0,56.25,0,8,0,5,0,10.1875,992.0637817382812,76.5,0.0,0.0,0,0
2021-10-24 03:40:00,220.0,60.5,0,8,0,5,0,10.3125,992.0486450195312,77.0,0.0,0.0,0,0
2021-10-24 03:50:00,201.0,59.0,0,8,0,5,0,10.4375,992.06591796875,77.0,0.0,0.0,0,0
2021-10-24 04:00:00,89.5,47.75,0,8,0,5,0,10.5,992.0216064453125,76.5,0.0,0.0,0,0
2021-10-24 04:10:00,28.125,40.0,1,8,0,5,0,10.4375,991.96044921875,76.0,0.0,0.0,0,0
2021-10-24 04:20:00,45.0,41.25,0,8,0,5,0,10.375,991.9404296875,75.5,0.0,0.0,0,0
2021-10-24 04:30:00,71.0,44.0,0,8,0,5,0,10.3125,991.9937133789062,74.5,0.0,0.0,0,0
2021-10-24 04:40:00,64.5,49.0,0,8,0,5,0,10.1875,992.0590209960938,74.5,0.0,0.0,0,0
2021-10-24 04:50:00,77.5,44.5,0,8,0,5,0,10.0625,992.0536499023438,74.0,0.0,0.0,0,0
2021-10-24 05:00:00,71.5,49.25,0,8,0,5,0,10.0,992.0477905273438,74.5,0.0,0.0,0,0
2021-10-24 05:10:00,45.5,40.5,0,8,0,5,0,10.0,992.1309814453125,74.5,0.0,0.0,0,0
2021-10-24 05:20:00,75.0,43.5,0,8,0,5,0,9.9375,992.064697265625,74.5,0.0,0.0,0,0
2021-10-24 05:30:00,68.5,42.75,0,8,0,5,0,9.9375,992.0062255859375,74.5,0.0,0.0,0,0
2021-10-24 05:40:00,52.0,41.0,0,8,0,5,0,9.8125,991.99169921875,74.0,0.0,0.0,0,0
2021-10-24 05:50:00,32.25,38.0,1,8,0,5,0,9.6875,992.017333984375,73.5,0.0,0.0,0,0
2021-10-24 06:00:00,109.5,47.0,0,8,0,5,0,9.625,992.0427856445312,73.5,0.0,0.0,0,0
2021-10-24 06:10:00,125.0,49.25,0,8,0,5,0,9.5625,992.07861328125,73.5,0.0,0.0,0,0
2021-10-24 06:20:00,100.0,46.5,0,8,0,5,0,9.4375,992.1251831054688,74.0,0.0,0.0,0,0
2021-10-24 06:30:00,224.0,59.5,0,8,0,5,0,9.375,992.078857421875,74.0,0.0,0.0,0,0
2021-10-24 06:40:00,298.0,67.5,0,8,0,5,0,9.3125,992.07373046875,74.0,0.0,0.0,0,0
2021-10-24 06:50:00,234.0,62.25,0,8,0,5,0,9.3125,992.1581420898438,74.0,0.0,0.0,0,0
2021-10-24 07:00:00,108.5,50.25,0,8,0,5,0,9.3125,992.2417602539062,74.5,0.0,0.0,0,0
2021-10-24 07:10:00,79.5,46.75,0,8,0,5,0,9.3125,992.2433471679688,75.5,0.0,0.0,0,0
2021-10-24 07:20:00,123.0,51.0,0,8,0,5,0,9.3125,992.30517578125,76.0,0.0,0.0,0,0
2021-10-24 07:30:00,119.0,55.5,0,8,0,5,0,9.375,992.373291015625,76.0,0.0,0.0,0,0
2021-10-24 07:40:00,47.25,42.5,0,8,0,5,0,9.4375,992.3717041015625,76.5,0.0,0.0,0,0
2021-10-24 07:50:00,53.75,42.5,0,8,0,5,0,9.5,992.3984375,77.0,0.0,0.0,0,0
2021-10-24 08:00:00,44.0,41.0,0,8,0,5,0,9.6875,992.45068359375,78.5,0.0,0.0,0,0
2021-10-24 08:10:00,39.0,40.0,1,8,0,5,0,10.0,992.4368896484375,80.0,0.0,0.0,0,0
2021-10-24 08:20:00,76.0,44.0,32,8,0,5,0,10.75,992.626220703125,83.0,0.0,0.0,0,0
2021-10-24 08:30:00,82.5,44.75,32,8,0,5,0,12.5,992.8927612304688,88.0,0.0,0.0,0,0
2021-10-24 08:40:00,11.5625,36.0,33,8,0,5,0,15.0,992.9566040039062,87.0,0.0,0.0,0,0
2021-10-24 08:50:00,1.96875,32.25,33,8,0,5,0,17.625,992.9853515625,84.5,0.0,0.0,0,0
2021-10-24 09:00:00,78.5,43.25,32,8,0,5,0,19.875,992.9923706054688,79.0,0.0,0.0,0,0
2021-10-24 09:10:00,151.0,51.75,32,8,0,6,0,21.75,993.2740478515625,73.5,0.0,0.0,0,0
2021-10-24 09:20:00,192.0,56.25,32,8,0,6,0,23.375,993.2777709960938,68.5,0.0,0.0,0,0
2021-10-24 09:30:00,110.0,53.75,32,8,0,6,0,24.625,993.3843994140625,64.0,0.0,0.0,0,0
2021-10-24 09:40:00,268.0,68.5,32,8,0,6,0,25.625,993.3760375976562,57.25,0.0,0.0,0,0
2021-10-24 09:50:00,166.0,55.25,32,8,0,6,0,26.0,993.376220703125,57.25,0.0,0.0,0,0
2021-10-24 10:00:00,51.5,42.75,32,8,0,6,0,25.625,993.2748413085938,54.25,0.0,0.0,0,0
2021-10-24 10:10:00,125.0,56.0,32,8,0,6,0,24.875,993.3114624023438,49.75,0.0,0.0,0,0
2021-10-24 10:20:00,42.75,41.25,32,8,0,6,0,24.125,993.2996215820312,49.25,0.0,0.0,0,0
2021-10-24 10:30:00,57.0,42.5,32,8,0,6,0,23.625,993.3682250976562,49.25,0.0,0.0,0,0
2021-10-24 10:40:00,62.25,43.0,32,8,0,6,0,23.625,993.275146484375,49.75,0.0,0.0,0,0
2021-10-24 10:50:00,71.0,43.75,32,8,0,6,0,23.875,993.3297729492188,50.25,0.0,0.0,0,0
2021-10-24 11:00:00,92.0,46.0,32,8,0,6,0,24.125,993.313720703125,48.5,0.0,0.0,0,0
2021-10-24 11:10:00,21.75,37.5,1,8,0,6,0,24.0,993.2674560546875,47.0,0.0,0.0,0,0
2021-10-24 11:20:00,24.75,43.5,1,8,0,6,0,23.75,993.2459716796875,47.0,0.0,0.0,0,0
2021-10-24 11:30:00,-12.3125,27.0,1,8,0,6,0,23.5,993.2196044921875,47.5,0.0,0.0,0,0
2021-10-24 11:40:00,21.375,35.75,1,8,0,6,0,23.625,993.2511596679688,47.5,0.0,0.0,0,0
2021-10-24 11:50:00,47.0,38.75,0,8,0,6,0,23.625,993.2518310546875,48.75,0.0,0.0,0,0
2021-10-24 12:00:00,69.5,41.75,0,8,0,6,0,23.625,993.1221313476562,48.0,0.0,0.0,0,0
2021-10-24 12:10:00,116.5,47.5,0,8,0,6,0,23.5,993.0254516601562,47.5,0.0,0.0,0,0
2021-10-24 12:20:00,96.5,45.5,0,8,0,6,0,23.5,993.0652465820312,48.75,0.0,0.0,0,0
2021-10-24 12:30:00,193.0,60.5,0,8,0,6,0,23.875,993.0512084960938,48.75,0.0,0.0,0,0
2021-10-24 12:40:00,179.0,55.75,0,8,0,6,0,24.75,993.0660400390625,49.25,0.0,0.0,0,0
2021-10-24 12:50:00,191.0,57.0,0,8,0,6,0,26.25,993.0748291015625,48.0,0.0,0.0,0,0
2021-10-24 13:00:00,49.75,42.0,0,8,0,6,0,28.125,993.0218505859375,46.75,0.0,0.0,0,0
2021-10-24 13:10:00,44.75,41.0,0,8,0,6,0,29.875,992.91845703125,44.0,0.0,0.0,0,0
2021-10-24 13:20:00,62.25,42.5,32,8,0,6,0,31.125,992.9392700195312,42.5,0.0,0.0,0,0
2021-10-24 13:30:00,5.1875,35.0,33,8,0,6,0,32.25,992.9267578125,40.75,0.0,0.0,0,0
2021-10-24 13:40:00,38.25,39.0,33,8,0,6,0,33.5,992.97607421875,39.0,0.0,0.0,0,0
2021-10-24 13:50:00,30.375,37.5,33,8,0,6,0,34.25,993.066162109375,37.75,0.0,0.0,0,0
2021-10-24 14:00:00,49.5,39.75,32,8,0,6,1,35.0,993.052001953125,36.25,0.0,0.0,0,0
2021-10-24 14:10:00,22.375,36.25,33,8,0,6,1,35.75,992.992919921875,35.5,0.0,0.0,0,0
2021-10-24 14:20:00,32.75,37.0,33,8,0,6,1,36.25,993.128173828125,34.5,0.0,0.0,0,0
2021-10-24 14:30:00,27.375,36.25,33,8,0,7,1,36.5,993.0597534179688,33.75,0.0,0.0,0,0
2021-10-24 14:40:00,28.0,36.25,33,8,0,7,1,36.5,993.07861328125,33.25,0.0,0.0,0,0
2021-10-24 14:50:00,56.25,39.75,32,8,0,7,1,36.75,993.10791015625,32.0,0.0,0.0,0,0
2021-10-24 15:00:00,80.5,42.75,0,8,0,7,1,36.5,993.0897216796875,31.625,0.0,0.0,0,0
2021-10-24 15:10:00,124.5,48.25,0,8,0,7,1,36.25,993.0888061523438,31.625,0.0,0.0,0,0
2021-10-24 15:20:00,143.0,50.5,0,8,0,7,1,36.0,993.07421875,31.25,0.0,0.0,0,0
2021-10-24 15:30:00,268.0,71.5,0,8,0,7,1,35.25,993.1141357421875,31.125,0.0,0.0,0,0
2021-10-24 15:40:00,220.0,60.25,0,8,0,7,1,34.75,993.189697265625,31.125,0.0,0.0,0,0
2021-10-24 15:50:00,255.0,63.75,0,8,0,6,1,34.0,993.220458984375,31.625,0.0,0.0,0,0
2021-10-24 16:00:00,89.5,47.75,0,8,0,7,1,33.5,993.156982421875,31.625,0.0,0.0,0,0
2021-10-24 16:10:00,41.5,41.75,1,8,0,6,1,33.25,993.0850219726562,31.625,0.0,0.0,0,0
2021-10-24 16:20:00,44.5,41.25,0,8,0,6,1,32.5,993.0595092773438,31.125,0.0,0.0,0,0
2021-10-24 16:30:00,47.75,41.25,0,8,0,6,1,31.25,992.9871215820312,31.75,0.0,0.0,0,0
2021-10-24 16:40:00,76.0,44.5,0,8,0,6,1,29.875,993.0671997070312,33.25,0.0,0.0,0,0
2021-10-24 16:50:00,80.5,44.75,0,8,0,6,1,28.375,992.983642578125,35.0,0.0,0.0,0,0
2021-10-24 17:00:00,51.75,41.25,0,8,0,6,1,27.0,992.976318359375,36.75,0.0,0.0,0,0
2021-10-24 17:10:00,24.125,37.75,1,8,0,6,0,25.625,993.03271484375,38.5,0.0,0.0,0,0
2021-10-24 17:20:00,25.5,37.25,1,8,0,6,0,24.375,993.165771484375,39.75,0.0,0.0,0,0
2021-10-24 17:30:00,34.5,38.0,1,8,0,6,0,23.25,993.155517578125,41.25,0.0,0.0,0,0
2021-10-24 17:40:00,48.5,46.0,0,8,0,6,0,22.25,993.2938842773438,43.0,0.0,0.0,0,0
2021-10-24 17:50:00,24.125,36.25,1,8,0,6,0,21.25,993.2150268554688,45.25,0.0,0.0,0,0
2021-10-24 18:00:00,133.0,49.25,0,8,0,6,0,20.5,993.3125610351562,46.5,0.0,0.0,0,0
2021-10-24 18:10:00,108.0,47.25,0,8,0,6,0,19.75,993.1889038085938,48.0,0.0,0.0,0,0
2021-10-24 18:20:00,136.0,50.0,0,8,0,6,0,19.25,993.3916015625,49.75,0.0,0.0,0,0
2021-10-24 18:30:00,227.0,59.75,0,8,0,6,0,18.75,993.3519287109375,51.5,0.0,0.0,0,0
2021-10-24 18:40:00,270.0,65.0,0,8,0,6,0,18.125,993.46923828125,53.25,0.0,0.0,0,0
2021-10-24 18:50:00,196.0,58.5,0,8,0,6,0,17.625,993.5023803710938,54.25,0.0,0.0,0,0
2021-10-24 19:00:00,99.5,48.75,0,8,0,6,0,17.25,993.62109375,55.5,0.0,0.0,0,0
2021-10-24 19:10:00,74.0,45.75,0,8,0,6,0,16.75,993.646728515625,56.5,0.0,0.0,0,0
2021-10-24 19:20:00,45.25,41.75,0,8,0,6,0,16.375,993.638671875,58.25,0.0,0.0,0,0
2021-10-24 19:30:00,104.5,48.0,0,8,0,6,0,16.0,993.7205200195312,59.5,0.0,0.0,0,0
2021-10-24 19:40:00,34.75,40.25,1,8,0,5,0,15.75,993.69775390625,60.0,0.0,0.0,0,0
2021-10-24 19:50:00,40.25,40.0,4,8,0,6,0,15.5,993.7523193359375,61.25,0.0,0.0,0,0
2021-10-24 20:00:00,134.0,50.5,0,8,0,5,0,15.1875,993.7765502929688,62.25,0.0,0.0,0,0
2021-10-24 20:10:00,32.5,39.5,1,8,0,6,0,15.0,993.8477783203125,63.5,0.0,0.0,0,0
2021-10-24 20:20:00,61.25,42.0,0,8,0,5,0,14.75,993.8362426757812,64.0,0.0,0.0,0,0
2021-10-24 20:30:00,49.0,40.5,0,8,0,5,0,14.625,993.8214721679688,65.0,0.0,0.0,0,0
2021-10-24 20:40:00,75.5,44.0,0,8,0,5,0,14.5,993.7446899414062,66.0,0.0,0.0,0,0
2021-10-24 20:50:00,63.25,42.0,0,8,0,5,0,14.375,993.8182983398438,67.5,0.0,0.0,0,0
2021-10-24 21:00:00,129.0,49.5,0,8,0,5,0,14.25,993.8294067382812,68.0,0.0,0.0,0,0
2021-10-24 21:10:00,109.5,48.0,0,8,0,5,0,14.25,993.89599609375,69.0,0.0,0.0,0,0
2021-10-24 21:20:00,262.0,63.25,0,8,0,5,0,14.25,993.9016723632812,70.0,0.0,0.0,0,0
2021-10-24 21:30:00,240.0,62.25,0,8,0,5,0,14.25,993.964111328125,70.5,0.0,0.0,0,0
2021-10-24 21:40:00,266.0,65.5,0,8,0,5,0,14.3125,993.964599609375,72.0,0.0,0.0,0,0
2021-10-24 21:50:00,182.0,58.0,0,8,0,5,0,14.375,993.9437255859375,72.5,0.0,0.0,0,0
2021-10-24 22:00:00,97.5,49.25,0,8,0,5,0,14.4375,993.8519897460938,73.0,0.0,0.0,0,0
2021-10-24 22:10:00,88.5,48.0,0,8,0,5,0,14.4375,993.8418579101562,73.0,0.0,0.0,0,0
2021-10-24 22:20:00,68.5,45.25,0,8,0,5,0,14.4375,993.8319702148438,73.0,0.0,0.0,0,0
2021-10-24 22:30:00,65.5,44.5,0,8,0,5,0,14.4375,993.9430541992188,73.0,0.0,0.0,0,0
2021-10-24 22:40:00,121.5,50.75,0,8,0,5,0,14.4375,993.8416137695312,73.5,0.0,0.0,0,0
2021-10-24 22:50:00,110.0,49.25,0,8,0,5,0,14.4375,993.8416137695312,74.0,0.0,0.0,0,0
2021-10-24 23:00:00,45.5,41.75,0,8,0,5,0,14.4375,993.6997680664062,73.5,0.0,0.0,0,0
2021-10-24 23:10:00,72.5,44.75,0,8,0,5,0,14.4375,993.6192626953125,73.5,0.0,0.0,0,0
2021-10-24 23:20:00,48.25,41.25,0,8,0,5,0,14.375,993.6516723632812,73.0,0.0,0.0,0,0
2021-10-24 23:30:00,38.75,39.75,1,8,0,5,0,14.25,993.7079467773438,73.0,0.0,0.0,0,0
2021-10-24 23:40:00,67.0,43.0,0,8,0,5,0,14.1875,993.6593627929688,73.0,0.0,0.0,0,0
2021-10-24 23:50:00,25.875,37.5,1,8,0,5,0,14.125,993.6029663085938,73.0,0.0,0.0,0,0
2021-10-25 00:00:00,84.0,44.25,0,8,0,5,0,14.0625,993.4747924804688,73.5,0.0,0.0,0,0
2021-10-25 00:10:00,149.0,52.0,0,8,0,5,0,14.0625,993.1627197265625,73.5,0.0,0.0,0,0
2021-10-25 00:20:00,146.0,52.0,0,8,0,5,0,14.0625,993.196533203125,73.5,0.0,0.0,0,0
2021-10-25 00:30:00,209.0,58.5,0,8,0,5,0,13.9375,993.1801147460938,73.5,0.0,0.0,0,0
2021-10-25 00:40:00,298.0,68.0,0,8,0,5,0,13.9375,993.1522827148438,74.0,0.0,0.0,0,0
2021-10-25 00:50:00,234.0,62.5,0,8,0,5,0,13.9375,992.9699096679688,74.5,0.0,0.0,0,0
2021-10-25 01:00:00,136.0,53.25,0,8,0,5,0,14.0,993.0400390625,75.5,0.0,0.0,0,0
2021-10-25 01:10:00,60.75,45.0,0,8,0,5,0,14.0625,993.0279541015625,76.0,0.0,0.0,0,0
2021-10-25 01:20:00,24.375,39.75,1,8,0,5,0,14.1875,992.962646484375,76.5,0.0,0.0,0,0
2021-10-25 01:30:00,66.0,44.0,0,8,0,5,0,14.3125,993.0089721679688,76.5,0.0,0.0,0,0
2021-10-25 01:40:00,87.5,46.75,0,8,0,5,0,14.4375,993.0123291015625,77.0,0.0,0.0,0,0
2021-10-25 01:50:00,101.0,47.75,0,8,0,5,0,14.5,993.0079956054688,77.5,0.0,0.0,0,0
2021-10-25 02:00:00,69.0,44.0,0,8,0,5,0,14.5625,992.9213256835938,77.5,0.0,0.0,0,0
2021-10-25 02:10:00,91.0,46.75,0,8,0,5,0,14.6875,992.8223876953125,77.5,0.0,0.0,0,0
2021-10-25 02:20:00,35.75,39.75,1,8,0,5,0,14.8125,992.8684692382812,78.0,0.0,0.0,0,0
2021-10-25 02:30:00,20.625,37.25,1,8,0,5,0,14.875,992.9129028320312,77.5,0.0,0.0,0,0
2021-10-25 02:40:00,86.5,45.25,0,8,0,5,0,14.9375,992.8973388671875,77.5,0.0,0.0,0,0
2021-10-25 02:50:00,97.5,46.25,0,8,0,5,0,15.0,992.842041015625,77.5,0.0,0.0,0,0
2021-10-25 03:00:00,129.0,49.75,0,8,0,5,0,15.0625,992.7958984375,78.0,0.0,0.0,0,0
2021-10-25 03:10:00,153.0,53.25,0,8,0,5,0,15.125,992.8223876953125,78.0,0.0,0.0,0,0
2021-10-25 03:20:00,168.0,59.5,0,8,0,5,0,15.125,992.8495483398438,78.0,0.0,0.0,0,0
2021-10-25 03:30:00,250.0,63.0,0,8,0,5,0,15.1875,992.865966796875,78.0,0.0,0.0,0,0
2021-10-25 03:40:00,336.0,72.0,0,8,0,5,0,15.25,992.8917846679688,78.0,0.0,0.0,0,0
2021-10-25 03:50:00,268.0,66.0,0,8,0,5,0,15.3125,992.8067626953125,78.0,0.0,0.0,0,0
2021-10-25 04:00:00,117.5,52.25,0,8,0,5,0,15.375,992.7532348632812,78.0,0.0,0.0,0,0
2021-10-25 04:10:00,85.5,48.5,0,8,0,5,0,15.375,992.648681640625,78.0,0.0,0.0,0,0
2021-10-25 04:20:00,99.0,49.25,0,8,0,5,0,15.375,992.50634765625,77.5,0.0,0.0,0,0
2021-10-25 04:30:00,26.25,40.5,1,8,0,5,0,15.3125,992.6574096679688,77.0,0.0,0.0,0,0
2021-10-25 04:40:00,82.5,46.75,0,8,0,5,0,15.3125,992.6891479492188,76.5,0.0,0.0,0,0
2021-10-25 04:50:00,80.5,46.0,0,8,0,5,0,15.1875,992.6514282226562,76.0,0.0,0.0,0,0
2021-10-25 05:00:00,127.5,51.0,0,8,0,5,0,15.125,992.4832153320312,76.0,0.0,0.0,0,0
2021-10-25 05:10:00,45.0,42.0,0,8,0,5,0,15.0,992.498779296875,75.5,0.0,0.0,0,0
2021-10-25 05:20:00,11.125,36.75,1,8,0,5,0,14.9375,992.4929809570312,75.0,0.0,0.0,0,0
2021-10-25 05:30:00,71.5,49.25,0,8,0,5,0,14.8125,992.46875,74.5,0.0,0.0,0,0
2021-10-25 05:40:00,19.125,37.25,1,8,0,5,0,14.75,992.6553955078125,74.5,0.0,0.0,0,0
2021-10-25 05:50:00,79.5,44.0,0,8,0,5,0,14.6875,992.6813354492188,74.5,0.0,0.0,0,0
2021-10-25 06:00:00,98.5,46.25,0,8,0,5,0,14.5625,992.6567993164062,74.0,0.0,0.0,0,0
2021-10-25 06:10:00,147.0,52.25,0,8,0,5,0,14.4375,992.715576171875,74.0,0.0,0.0,0,0
2021-10-25 06:20:00,236.0,61.0,0,8,0,5,0,14.25,992.6846313476562,73.5,0.0,0.0,0,0
2021-10-25 06:30:00,322.0,69.5,0,8,0,5,0,14.125,992.7422485351562,73.5,0.0,0.0,0,0
2021-10-25 06:40:00,232.0,63.0,0,8,0,5,0,14.0625,992.8612670898438,73.5,0.0,0.0,0,0
2021-10-25 06:50:00,255.0,65.0,0,8,0,5,0,13.9375,992.8189697265625,73.5,0.0,0.0,0,0
2021-10-25 07:00:00,139.0,54.25,0,8,0,5,0,13.8125,992.8154296875,74.0,0.0,0.0,0,0
2021-10-25 07:10:00,125.0,53.0,0,8,0,5,0,13.875,992.87890625,75.5,0.0,0.0,0,0
2021-10-25 07:20:00,80.0,47.25,0,8,0,5,0,13.9375,992.9703369140625,76.0,0.0,0.0,0,0
2021-10-25 07:30:00,74.5,46.25,0,8,0,5,0,14.0625,993.0578002929688,77.0,0.0,0.0,0,0
2021-10-25 07:40:00,129.0,52.25,0,8,0,5,0,14.3125,993.1400146484375,77.5,0.0,0.0,0,0
2021-10-25 07:50:00,52.0,43.25,0,8,0,5,0,14.625,993.2478637695312,78.5,0.0,0.0,0,0
2021-10-25 08:00:00,80.5,46.0,0,8,0,5,0,15.0,993.4842529296875,79.0,0.0,0.0,0,0
2021-10-25 08:10:00,49.25,42.5,0,8,0,5,0,15.4375,993.6541137695312,79.5,0.0,0.0,0,0
2021-10-25 08:20:00,82.5,45.5,0,8,0,5,0,15.9375,993.7708740234375,79.5,0.0,0.0,0,0
2021-10-25 08:30:00,41.0,40.5,32,8,0,5,0,16.5,993.8409423828125,79.0,0.0,0.0,0,0
2021-10-25 08:40:00,71.5,44.0,32,8,0,5,0,17.25,993.8399658203125,78.0,0.0,0.0,0,0
2021-10-25 08:50:00,29.75,38.5,33,8,0,5,0,18.25,993.8555908203125,77.0,0.0,0.0,0,0
2021-10-25 09:00:00,52.5,41.0,32,8,0,6,0,19.625,993.8600463867188,75.5,0.0,0.0,0,0
2021-10-25 09:10:00,116.0,54.0,32,8,0,6,0,20.75,993.8681030273438,71.5,0.0,0.0,0,0
2021-10-25 09:20:00,139.0,51.0,32,8,0,6,0,21.5,993.8338012695312,69.0,0.0,0.0,0,0
2021-10-25 09:30:00,262.0,63.5,32,8,0,6,0,21.875,993.949951171875,68.0,0.0,0.0,0,0
2021-10-25 09:40:00,280.0,66.5,32,8,0,6,0,22.375,993.9878540039062,66.0,0.0,0.0,0,0
2021-10-25 09:50:00,220.0,61.25,32,8,0,6,0,22.875,994.035888671875,63.5,0.0,0.0,0,0
2021-10-25 10:00:00,104.0,49.75,32,8,0,6,0,23.375,993.9661865234375,61.25,0.0,0.0,0,0
2021-10-25 10:10:00,94.0,48.75,32,8,0,6,0,23.625,994.0068969726562,59.0,0.0,0.0,0,0
2021-10-25 10:20:00,69.0,45.25,32,8,0,6,0,23.75,994.0447387695312,56.5,0.0,0.0,0,0
2021-10-25 10:30:00,36.75,41.0,33,8,0,6,0,23.75,994.149658203125,55.25,0.0,0.0,0,0
2021-10-25 10:40:00,61.75,43.75,32,8,0,6,0,23.875,994.19287109375,54.25,0.0,0.0,0,0
2021-10-25 10:50:00,44.0,40.75,0,8,0,6,0,24.125,994.2152709960938,54.5,0.0,0.0,0,0
2021-10-25 11:00:00,47.5,41.0,0,8,0,6,0,24.375,994.2490844726562,53.75,0.0,0.0,0,0
2021-10-25 11:10:00,83.5,45.25,0,8,0,6,0,24.5,994.2281494140625,53.25,0.0,0.0,0,0
2021-10-25 11:20:00,7.6875,35.5,1,8,0,5,0,24.5,994.2505493164062,52.75,0.0,0.0,0,0
2021-10-25 11:30:00,6.9375,34.25,1,8,0,6,0,24.625,994.25830078125,51.5,0.0,0.0,0,0
2021-10-25 11:40:00,29.125,37.5,1,8,0,6,0,24.875,994.253662109375,51.5,0.0,0.0,0,0
2021-10-25 11:50:00,54.0,40.0,0,8,0,6,0,25.125,994.2396240234375,50.25,0.0,0.0,0,0
2021-10-25 12:00:00,37.25,38.0,1,8,0,6,0,25.375,994.2366333007812,49.5,0.0,0.0,0,0
2021-10-25 12:10:00,137.0,55.5,0,8,0,6,0,25.5,994.216796875,49.25,0.0,0.0,0,0
2021-10-25 12:20:00,134.0,49.75,0,8,0,6,0,25.625,994.2041015625,49.25,0.0,0.0,0,0
2021-10-25 12:30:00,130.0,49.75,4,8,0,6,0,25.75,994.2128295898438,48.75,0.0,0.0,0,0
2021-10-25 12:40:00,266.0,64.0,0,8,0,6,0,26.0,994.2291259765625,48.0,0.0,0.0,0,0
2021-10-25 12:50:00,172.0,55.5,0,8,0,6,0,26.0,994.2546997070312,48.0,0.0,0.0,0,0
2021-10-25 13:00:00,122.5,55.5,0,8,0,6,0,25.75,994.1967163085938,48.0,0.0,0.0,0,0
2021-10-25 13:10:00,9.4375,37.5,1,8,0,6,0,25.625,994.2713623046875,48.75,0.0,0.0,0,0
2021-10-25 13:20:00,57.5,42.0,0,8,0,6,0,25.625,994.2169189453125,49.25,0.0,0.0,0,0
2021-10-25 13:30:00,70.5,43.5,0,8,0,6,0,26.5,994.1497192382812,49.25,0.0,0.0,0,0
2021-10-25 13:40:00,0.255859375,34.25,1,8,0,6,0,27.75,994.1354370117188,47.0,0.0,0.0,0,0
2021-10-25 13:50:00,74.0,43.25,0,8,0,6,0,28.25,994.1188354492188,45.75,0.0,0.0,0,0
2021-10-25 14:00:00,83.0,44.5,0,8,0,6,0,28.25,994.111328125,45.25,0.0,0.0,0,0
2021-10-25 14:10:00,30.25,38.25,1,8,0,6,0,28.125,994.093017578125,44.0,0.0,0.0,0,0
2021-10-25 14:20:00,66.0,42.0,0,8,0,6,0,27.75,994.07373046875,44.0,0.0,0.0,0,0
2021-10-25 14:30:00,82.0,49.5,0,8,0,6,0,27.375,994.1558227539062,43.5,0.0,0.0,0,0
2021-10-25 14:40:00,16.125,36.0,1,8,0,6,0,26.75,994.1145629882812,44.0,0.0,0.0,0,0
2021-10-25 14:50:00,14.4375,35.0,1,8,0,6,0,26.25,994.1480712890625,44.25,0.0,0.0,0,0
2021-10-25 15:00:00,42.25,38.5,0,8,0,6,0,25.75,994.1639404296875,44.0,0.0,0.0,0,0
2021-10-25 15:10:00,99.0,45.75,0,8,0,6,0,25.25,994.171142578125,44.75,0.0,0.0,0,0
2021-10-25 15:20:00,163.0,52.5,0,8,0,6,0,24.875,994.27880859375,46.0,0.0,0.0,0,0
2021-10-25 15:30:00,140.0,51.0,0,8,0,6,0,24.5,994.303955078125,47.0,0.0,0.0,0,0
2021-10-25 15:40:00,236.0,65.5,0,8,0,6,0,24.25,994.35693359375,47.0,0.0,0.0,0,0
2021-10-25 15:50:00,184.0,56.5,0,8,0,6,0,24.0,994.4002685546875,47.5,0.0,0.0,0,0
2021-10-25 16:00:00,120.0,55.25,0,8,0,6,0,23.625,994.4234008789062,48.5,0.0,0.0,0,0
2021-10-25 16:10:00,39.75,41.25,1,8,0,6,0,23.25,994.4467163085938,49.25,0.0,0.0,0,0
2021-10-25 16:20:00,29.125,38.75,1,8,0,6,0,22.875,994.5125122070312,50.25,0.0,0.0,0,0
2021-10-25 16:30:00,71.5,43.5,0,8,0,6,0,22.5,994.4656372070312,52.75,0.0,0.0,0,0
2021-10-25 16:40:00,50.0,41.25,0,8,0,6,0,22.25,994.4388427734375,54.25,0.0,0.0,0,0
2021-10-25 16:50:00,26.0,37.5,1,8,0,6,0,21.875,994.41162109375,56.0,0.0,0.0,0,0
2021-10-25 17:00:00,58.5,41.25,0,8,0,6,0,21.625,994.5369262695312,56.5,0.0,0.0,0,0
2021-10-25 17:10:00,95.5,46.0,0,8,0,6,0,21.25,994.6908569335938,57.25,0.0,0.0,0,0
2021-10-25 17:20:00,31.125,38.0,1,8,0,6,0,20.875,994.79833984375,57.25,0.0,0.0,0,0
2021-10-25 17:30:00,21.875,36.25,1,8,0,6,0,20.375,994.937255859375,57.75,0.0,0.0,0,0
2021-10-25 17:40:00,100.0,46.0,0,8,0,5,0,19.875,994.9981689453125,57.75,0.0,0.0,0,0
2021-10-25 17:50:00,53.75,40.5,0,8,0,6,0,19.375,995.0930786132812,58.25,0.0,0.0,0,0
2021-10-25 18:00:00,110.0,52.25,0,8,0,6,0,18.875,995.287353515625,59.0,0.0,0.0,0,0
2021-10-25 18:10:00,144.0,56.75,0,8,0,6,0,18.375,995.4411010742188,59.75,0.0,0.0,0,0
2021-10-25 18:20:00,207.0,58.0,0,8,0,6,0,18.0,995.4608764648438,61.25,0.0,0.0,0,0
2021-10-25 18:30:00,276.0,65.0,0,8,0,6,0,17.625,995.4977416992188,62.5,0.0,0.0,0,0
2021-10-25 18:40:00,304.0,69.0,0,8,0,6,0,17.375,995.600830078125,63.5,0.0,0.0,0,0
2021-10-25 18:50:00,233.0,67.0,0,8,0,5,0,17.125,995.603271484375,63.5,0.0,0.0,0,0
2021-10-25 19:00:00,122.5,52.25,0,8,0,6,0,16.875,995.647705078125,64.0,0.0,0.0,0,0
2021-10-25 19:10:00,17.25,40.0,1,8,0,6,0,16.5,995.6198120117188,64.5,0.0,0.0,0,0
2021-10-25 19:20:00,41.25,41.75,1,8,0,5,0,16.25,995.6199340820312,65.0,0.0,0.0,0,0
2021-10-25 19:30:00,55.25,42.75,0,8,0,6,0,16.0,995.75048828125,66.0,0.0,0.0,0,0
2021-10-25 19:40:00,115.5,50.0,0,8,0,6,0,15.9375,995.7849731445312,67.5,0.0,0.0,0,0
2021-10-25 19:50:00,31.0,39.75,1,8,0,5,0,15.875,995.8163452148438,68.5,0.0,0.0,0,0
2021-10-25 20:00:00,65.5,43.25,0,8,0,5,0,15.875,995.8851928710938,69.5,0.0,0.0,0,0
2021-10-25 20:10:00,84.5,45.75,0,8,0,5,0,15.8125,995.8721313476562,70.0,0.0,0.0,0,0
2021-10-25 20:20:00,99.5,47.0,0,8,0,5,0,15.75,995.9489135742188,70.5,0.0,0.0,0,0
2021-10-25 20:30:00,80.0,44.75,0,8,0,6,0,15.6875,995.9349975585938,71.5,0.0,0.0,0,0
2021-10-25 20:40:00,55.75,42.25,0,8,0,6,0,15.6875,995.9480590820312,72.5,0.0,0.0,0,0
2021-10-25 20:50:00,67.0,42.75,0,8,0,6,0,15.75,995.9699096679688,73.0,0.0,0.0,0,0
2021-10-25 21:00:00,142.0,56.25,0,8,0,5,0,15.75,996.0108032226562,73.5,0.0,0.0,0,0
2021-10-25 21:10:00,148.0,52.75,0,8,0,5,0,15.8125,996.0199584960938,74.0,0.0,0.0,0,0
2021-10-25 21:20:00,174.0,55.25,0,8,0,5,0,15.875,996.0487670898438,74.5,0.0,0.0,0,0
2021-10-25 21:30:00,298.0,67.5,0,8,0,6,0,15.875,996.0076293945312,75.0,0.0,0.0,0,0
2021-10-25 21:40:00,276.0,79.0,0,8,0,6,0,15.9375,995.954345703125,75.5,0.0,0.0,0,0
2021-10-25 21:50:00,205.0,60.5,0,8,0,6,0,15.9375,995.9957275390625,74.5,0.0,0.0,0,0
2021-10-25 22:00:00,174.0,57.5,0,8,0,5,0,15.8125,995.9591064453125,73.0,0.0,0.0,0,0
2021-10-25 22:10:00,132.0,53.75,0,8,0,5,0,15.625,995.967041015625,72.5,0.0,0.0,0,0
2021-10-25 22:20:00,30.875,41.75,1,8,0,5,0,15.375,995.9774169921875,71.5,0.0,0.0,0,0
2021-10-25 22:30:00,51.75,43.25,0,8,0,5,0,15.0625,996.0014038085938,70.5,0.0,0.0,0,0
2021-10-25 22:40:00,23.875,39.75,1,8,0,5,0,14.8125,996.034912109375,70.0,0.0,0.0,0,0
2021-10-25 22:50:00,71.0,44.5,0,8,0,5,0,14.5625,996.0004272460938,70.0,0.0,0.0,0,0
2021-10-25 23:00:00,35.25,39.75,1,8,0,5,0,14.3125,996.026611328125,70.0,0.0,0.0,0,0
2021-10-25 23:10:00,48.5,41.5,0,8,0,5,0,14.0625,996.0103149414062,70.0,0.0,0.0,0,0
2021-10-25 23:20:00,62.75,42.5,0,8,0,5,0,13.875,996.0054931640625,70.5,0.0,0.0,0,0
2021-10-25 23:30:00,25.0,37.5,1,8,0,5,0,13.6875,996.0186157226562,71.5,0.0,0.0,0,0
2021-10-25 23:40:00,84.5,45.0,0,8,0,5,0,13.5625,995.9908447265625,71.5,0.0,0.0,0,0
2021-10-25 23:50:00,115.0,48.0,0,8,0,5,0,13.4375,995.9913940429688,72.0,0.0,0.0,0,0
2021-10-26 00:00:00,135.0,50.5,0,8,0,5,0,13.3125,995.9912109375,72.0,0.0,0.0,0,0
2021-10-26 00:10:00,178.0,60.75,0,8,0,5,0,13.1875,995.9829711914062,72.0,0.0,0.0,0,0
2021-10-26 00:20:00,186.0,56.75,0,8,0,5,0,13.0,996.0048828125,72.0,0.0,0.0,0,0
2021-10-26 00:30:00,227.0,61.0,0,8,0,5,0,12.8125,996.0469970703125,72.5,0.0,0.0,0,0
2021-10-26 00:40:00,296.0,68.5,0,8,0,5,0,12.6875,995.9845581054688,72.5,0.0,0.0,0,0
2021-10-26 00:50:00,248.0,68.5,0,8,0,5,0,12.5625,995.9751586914062,73.0,0.0,0.0,0,0
2021-10-26 01:00:00,123.5,52.75,0,8,0,5,0,12.4375,995.9244384765625,73.0,0.0,0.0,0,0
2021-10-26 01:10:00,128.0,53.25,0,8,0,5,0,12.3125,995.9127807617188,73.0,0.0,0.0,0,0
2021-10-26 01:20:00,83.5,47.75,0,8,0,5,0,12.1875,996.0430297851562,73.0,0.0,0.0,0,0
2021-10-26 01:30:00,30.375,41.0,1,8,0,5,0,12.125,995.97021484375,73.5,0.0,0.0,0,0
2021-10-26 01:40:00,71.0,45.5,0,8,0,5,0,12.0,995.9878540039062,74.5,0.0,0.0,0,0
2021-10-26 01:50:00,64.5,44.0,0,8,0,5,0,12.0,996.0231323242188,74.5,0.0,0.0,0,0
2021-10-26 02:00:00,44.75,41.25,0,8,0,5,0,11.9375,996.00927734375,74.5,0.0,0.0,0,0
2021-10-26 02:10:00,26.625,39.0,1,8,0,5,0,11.8125,996.0659790039062,74.5,0.0,0.0,0,0
2021-10-26 02:20:00,114.5,48.5,0,8,0,5,0,11.75,996.0523071289062,74.5,0.0,0.0,0,0
2021-10-26 02:30:00,11.3125,36.25,1,8,0,5,0,11.625,996.0071411132812,74.5,0.0,0.0,0,0
2021-10-26 02:40:00,97.0,46.5,0,8,0,5,0,11.5625,995.9215087890625,75.5,0.0,0.0,0,0
2021-10-26 02:50:00,37.75,39.25,1,8,0,5,0,11.5625,995.915283203125,76.0,0.0,0.0,0,0
2021-10-26 03:00:00,109.0,47.25,0,8,0,5,0,11.5,995.8997802734375,76.0,0.0,0.0,0,0
2021-10-26 03:10:00,136.0,51.0,0,8,0,5,0,11.4375,995.8141479492188,75.5,0.0,0.0,0,0
2021-10-26 03:20:00,188.0,61.0,0,8,0,5,0,11.3125,995.7483520507812,75.5,0.0,0.0,0,0
2021-10-26 03:30:00,218.0,64.0,0,8,0,5,0,11.25,995.834716796875,75.5,0.0,0.0,0,0
2021-10-26 03:40:00,290.0,68.0,0,8,0,5,0,11.125,995.9019775390625,75.5,0.0,0.0,0,0
2021-10-26 03:50:00,300.0,73.0,0,8,0,5,0,11.0625,995.946533203125,76.0,0.0,0.0,0,0
2021-10-26 04:00:00,113.5,51.5,0,8,0,5,0,11.0,995.991943359375,76.0,0.0,0.0,0,0
2021-10-26 04:10:00,59.75,45.5,0,8,0,5,0,10.9375,995.956298828125,76.5,0.0,0.0,0,0
2021-10-26 04:20:00,79.0,46.5,0,8,0,5,0,10.9375,996.0802001953125,76.5,0.0,0.0,0,0
2021-10-26 04:30:00,60.0,44.0,0,8,0,5,0,10.875,996.0543823242188,76.5,0.0,0.0,0,0
2021-10-26 04:40:00,62.5,44.25,0,8,0,5,0,10.8125,996.0379638671875,76.5,0.0,0.0,0,0
2021-10-26 04:50:00,89.5,46.75,0,8,0,5,0,10.75,995.9819946289062,76.5,0.0,0.0,0,0
2021-10-26 05:00:00,113.0,49.25,0,8,0,5,0,10.6875,995.9255981445312,76.5,0.0,0.0,0,0
2021-10-26 05:10:00,112.0,49.75,4,8,0,5,0,10.625,995.9703979492188,76.5,0.0,0.0,0,0
2021-10-26 05:20:00,86.5,46.25,0,8,0,5,0,10.5625,995.9452514648438,76.5,0.0,0.0,0,0
2021-10-26 05:30:00,-2.171875,35.0,1,8,0,5,0,10.5,995.978759765625,76.5,0.0,0.0,0,0
2021-10-26 05:40:00,57.0,42.25,0,8,0,5,0,10.4375,995.9639282226562,76.5,0.0,0.0,0,0
2021-10-26 05:50:00,92.5,45.75,0,8,0,5,0,10.375,995.9262084960938,76.5,0.0,0.0,0,0
2021-10-26 06:00:00,117.5,48.75,0,8,0,5,0,10.375,995.9102783203125,76.5,0.0,0.0,0,0
2021-10-26 06:10:00,134.0,51.5,0,8,0,5,0,10.3125,995.954345703125,76.5,0.0,0.0,0,0
2021-10-26 06:20:00,215.0,59.25,0,8,0,5,0,10.25,995.9384155273438,77.0,0.0,0.0,0,0
2021-10-26 06:30:00,262.0,68.5,0,8,0,5,0,10.1875,995.9420166015625,77.0,0.0,0.0,0,0
2021-10-26 06:40:00,270.0,66.5,0,8,0,5,0,10.125,996.0165405273438,77.0,0.0,0.0,0,0
2021-10-26 06:50:00,225.0,62.25,0,8,0,5,0,10.0625,996.2123413085938,77.0,0.0,0.0,0,0
2021-10-26 07:00:00,148.0,55.0,0,8,0,5,0,10.0625,996.2353515625,77.5,0.0,0.0,0,0
2021-10-26 07:10:00,74.0,47.5,0,8,0,5,0,10.0625,996.3063354492188,78.0,0.0,0.0,0,0
2021-10-26 07:20:00,93.0,48.5,0,8,0,5,0,10.125,996.3468017578125,78.0,0.0,0.0,0,0
2021-10-26 07:30:00,83.0,47.0,0,8,0,5,0,10.1875,996.436767578125,78.5,0.0,0.0,0,0
2021-10-26 07:40:00,81.5,47.0,0,8,0,5,0,10.25,996.6768188476562,79.0,0.0,0.0,0,0
2021-10-26 07:50:00,111.5,49.5,0,8,0,5,0,10.375,996.6824340820312,79.5,0.0,0.0,0,0
2021-10-26 08:00:00,56.25,43.25,0,8,0,5,0,10.5625,996.7145385742188,80.5,0.0,0.0,0,0
2021-10-26 08:10:00,37.5,40.75,1,8,0,5,0,10.75,996.8052978515625,81.5,0.0,0.0,0,0
2021-10-26 08:20:00,87.5,46.0,32,8,0,5,0,11.375,996.9264526367188,84.5,0.0,0.0,0,0
2021-10-26 08:30:00,16.25,37.25,33,8,0,5,0,13.0,996.916748046875,89.5,0.0,0.0,0,0
2021-10-26 08:40:00,45.5,40.75,32,8,0,5,0,15.3125,996.89990234375,90.5,0.0,0.0,0,0
2021-10-26 08:50:00,52.5,41.0,32,8,0,5,0,17.625,996.9277954101562,89.5,0.0,0.0,0,0
2021-10-26 09:00:00,34.0,38.5,33,8,0,5,0,19.875,996.8607177734375,84.0,0.0,0.0,0,0
2021-10-26 09:10:00,174.0,54.75,32,8,0,6,0,21.625,996.72607421875,78.5,0.0,0.0,0,0
2021-10-26 09:20:00,136.0,56.0,32,8,0,6,0,22.75,996.6912231445312,72.0,0.0,0.0,0,0
2021-10-26 09:30:00,196.0,57.25,32,8,0,6,0,23.875,996.6168212890625,66.0,0.0,0.0,0,0
2021-10-26 09:40:00,258.0,64.5,32,8,0,6,0,24.875,996.5946655273438,63.0,0.0,0.0,0,0
2021-10-26 09:50:00,238.0,62.75,32,8,0,6,0,25.25,996.5704956054688,61.5,0.0,0.0,0,0
2021-10-26 10:00:00,128.0,52.25,32,8,0,6,0,24.875,996.7593994140625,57.75,0.0,0.0,0,0
2021-10-26 10:10:00,48.75,43.5,32,8,0,6,0,24.125,996.4718627929688,56.0,0.0,0.0,0,0
2021-10-26 10:20:00,105.0,48.75,32,8,0,6,0,23.5,996.4251098632812,55.0,0.0,0.0,0,0
2021-10-26 10:30:00,11.25,37.5,33,8,0,6,0,23.25,996.2838745117188,54.5,0.0,0.0,0,0
2021-10-26 10:40:00,25.125,39.0,33,8,0,6,0,23.375,996.297607421875,53.25,0.0,0.0,0,0
2021-10-26 10:50:00,44.75,46.5,33,8,0,6,0,23.625,996.2379150390625,52.0,0.0,0.0,0,0
2021-10-26 11:00:00,34.5,38.75,33,8,0,6,0,23.875,996.2879638671875,52.0,0.0,0.0,0,0
2021-10-26 11:10:00,37.75,39.5,33,8,0,6,0,24.0,996.1321411132812,51.0,0.0,0.0,0,0
2021-10-26 11:20:00,62.0,41.75,0,8,0,6,0,23.875,996.0415649414062,51.0,0.0,0.0,0,0
2021-10-26 11:30:00,26.5,37.25,1,8,0,6,0,23.75,995.8983154296875,50.5,0.0,0.0,0,0
2021-10-26 11:40:00,43.5,39.5,0,8,0,6,0,23.875,995.7840576171875,50.25,0.0,0.0,0,0
2021-10-26 11:50:00,43.75,38.75,0,8,0,6,0,23.875,995.6812744140625,49.75,0.0,0.0,0,0
2021-10-26 12:00:00,79.5,43.25,0,8,0,6,0,23.875,995.4984741210938,50.25,0.0,0.0,0,0
2021-10-26 12:10:00,140.0,50.75,0,8,0,6,0,23.875,995.3865356445312,50.25,0.0,0.0,0,0
2021-10-26 12:20:00,145.0,51.25,0,8,0,6,0,24.0,995.2495727539062,51.5,0.0,0.0,0,0
2021-10-26 12:30:00,210.0,58.25,0,8,0,6,0,24.125,995.1729125976562,52.75,0.0,0.0,0,0
2021-10-26 12:40:00,274.0,66.0,0,8,0,6,0,24.5,995.1473388671875,53.25,0.0,0.0,0,0
2021-10-26 12:50:00,222.0,61.0,0,8,0,6,0,25.375,995.0631713867188,52.75,0.0,0.0,0,0
2021-10-26 13:00:00,98.0,48.75,0,8,0,6,0,27.125,995.061767578125,51.5,0.0,0.0,0,0
2021-10-26 13:10:00,69.0,45.5,0,8,0,6,0,29.0,994.9483032226562,49.75,0.0,0.0,0,0
2021-10-26 13:20:00,60.75,43.75,0,8,0,6,0,30.75,994.9158935546875,47.5,0.0,0.0,0,0
2021-10-26 13:30:00,54.5,42.5,32,8,0,6,0,32.25,994.8463134765625,45.75,0.0,0.0,0,0
2021-10-26 13:40:00,86.0,46.25,32,8,0,6,0,33.5,994.8323974609375,44.0,0.0,0.0,0,0
2021-10-26 13:50:00,61.25,42.75,32,8,0,6,0,34.5,994.6913452148438,42.5,0.0,0.0,0,0
2021-10-26 14:00:00,73.5,44.0,32,8,0,6,1,35.25,994.6865234375,40.75,0.0,0.0,0,0
2021-10-26 14:10:00,53.5,42.0,32,8,0,6,1,36.0,994.57373046875,39.0,0.0,0.0,0,0
2021-10-26 14:20:00,54.25,41.25,32,8,0,6,1,36.5,994.5850219726562,37.5,0.0,0.0,0,0
2021-10-26 14:30:00,35.75,38.75,33,8,0,7,1,36.75,994.572998046875,36.25,0.0,0.0,0,0
2021-10-26 14:40:00,33.25,38.5,33,8,0,7,1,37.0,994.492431640625,35.0,0.0,0.0,0,0
2021-10-26 14:50:00,28.25,37.25,33,8,0,7,1,37.5,994.4090576171875,33.25,0.0,0.0,0,0
2021-10-26 15:00:00,104.5,46.25,32,8,0,7,1,37.5,994.5744018554688,31.625,0.0,0.0,0,0
2021-10-26 15:10:00,187.0,61.0,0,8,0,7,1,37.25,994.5840454101562,31.125,0.0,0.0,0,0
2021-10-26 15:20:00,171.0,54.5,0,8,0,7,1,37.0,994.4295043945312,31.125,0.0,0.0,0,0
2021-10-26 15:30:00,191.0,57.0,0,8,0,7,1,36.25,994.329833984375,30.5,0.0,0.0,0,0
2021-10-26 15:40:00,286.0,67.0,0,8,0,7,1,35.25,994.3251342773438,31.125,0.0,0.0,0,0
2021-10-26 15:50:00,196.0,59.0,0,8,0,7,1,34.25,994.3313598632812,31.625,0.0,0.0,0,0
2021-10-26 16:00:00,61.0,44.75,0,8,0,7,1,33.25,994.375732421875,32.75,0.0,0.0,0,0
2021-10-26 16:10:00,27.0,40.25,1,8,0,7,1,32.75,994.4324951171875,34.25,0.0,0.0,0,0
2021-10-26 16:20:00,44.75,47.25,1,8,0,6,1,31.75,994.4625854492188,34.5,0.0,0.0,0,0
2021-10-26 16:30:00,57.75,48.25,0,8,0,6,1,30.375,994.4718627929688,36.25,0.0,0.0,0,0
2021-10-26 16:40:00,24.75,38.5,1,8,0,6,1,29.125,994.477294921875,37.25,0.0,0.0,0,0
2021-10-26 16:50:00,41.25,39.75,0,8,0,6,1,27.625,994.4990844726562,38.5,0.0,0.0,0,0
2021-10-26 17:00:00,69.0,42.75,0,8,0,6,0,26.375,994.5921020507812,39.75,0.0,0.0,0,0
2021-10-26 17:10:00,55.0,47.75,0,8,0,6,0,25.125,994.5535278320312,40.75,0.0,0.0,0,0
2021-10-26 17:20:00,55.0,41.0,0,8,0,6,0,24.0,994.5718383789062,42.5,0.0,0.0,0,0
2021-10-26 17:30:00,23.0,36.75,1,8,0,6,0,23.0,994.6185302734375,44.0,0.0,0.0,0,0
2021-10-26 17:40:00,84.0,44.5,0,8,0,6,0,22.0,994.5203247070312,45.75,0.0,0.0,0,0
2021-10-26 17:50:00,45.75,39.25,0,8,0,6,0,21.125,994.549560546875,47.5,0.0,0.0,0,0
2021-10-26 18:00:00,61.5,41.25,0,8,0,6,0,20.375,994.5416259765625,48.75,0.0,0.0,0,0
2021-10-26 18:10:00,177.0,54.75,0,8,0,6,0,19.75,994.6151123046875,50.25,0.0,0.0,0,0
2021-10-26 18:20:00,181.0,55.25,0,8,0,6,0,19.25,994.6853637695312,52.0,0.0,0.0,0,0
2021-10-26 18:30:00,237.0,61.25,0,8,0,6,0,18.75,994.7344970703125,53.75,0.0,0.0,0,0
2021-10-26 18:40:00,384.0,80.0,0,8,0,6,0,18.125,994.7467041015625,55.0,0.0,0.0,0,0
2021-10-26 18:50:00,234.0,63.25,0,8,0,6,0,17.75,994.7474975585938,56.0,0.0,0.0,0,0
2021-10-26 19:00:00,115.5,51.5,0,8,0,6,0,17.25,994.713134765625,57.25,0.0,0.0,0,0
2021-10-26 19:10:00,91.0,49.25,0,8,0,6,0,16.875,994.707275390625,59.0,0.0,0.0,0,0
2021-10-26 19:20:00,100.5,49.25,0,8,0,6,0,16.625,994.7357788085938,60.75,0.0,0.0,0,0
2021-10-26 19:30:00,64.0,44.75,0,8,0,6,0,16.25,994.7326049804688,61.75,0.0,0.0,0,0
2021-10-26 19:40:00,54.75,43.75,0,8,0,6,0,16.0,994.725830078125,62.25,0.0,0.0,0,0
2021-10-26 19:50:00,46.25,41.75,0,8,0,5,0,15.8125,994.6681518554688,63.5,0.0,0.0,0,0
2021-10-26 20:00:00,76.0,44.75,0,8,0,6,0,15.5625,994.6492919921875,63.5,0.0,0.0,0,0
2021-10-26 20:10:00,113.0,49.5,0,8,0,6,0,15.25,994.6599731445312,64.0,0.0,0.0,0,0
2021-10-26 20:20:00,53.25,42.0,0,8,0,5,0,15.0,994.7203369140625,64.5,0.0,0.0,0,0
2021-10-26 20:30:00,56.25,42.0,0,8,0,5,0,14.75,994.7191162109375,65.5,0.0,0.0,0,0
2021-10-26 20:40:00,107.5,48.25,0,8,0,5,0,14.5,994.7781372070312,66.0,0.0,0.0,0,0
2021-10-26 20:50:00,93.0,46.25,0,8,0,5,0,14.25,994.7659301757812,66.5,0.0,0.0,0,0
2021-10-26 21:00:00,90.0,46.0,0,8,0,5,0,14.0625,994.822265625,67.5,0.0,0.0,0,0
2021-10-26 21:10:00,130.0,56.25,0,8,0,5,0,13.9375,994.7354125976562,67.5,0.0,0.0,0,0
2021-10-26 21:20:00,237.0,65.5,0,8,0,5,0,13.75,994.7199096679688,68.0,0.0,0.0,0,0
2021-10-26 21:30:00,248.0,63.25,0,8,0,5,0,13.5625,994.6721801757812,68.5,0.0,0.0,0,0
2021-10-26 21:40:00,324.0,71.5,0,8,0,5,0,13.375,994.625244140625,69.0,0.0,0.0,0,0
2021-10-26 21:50:00,237.0,63.75,4,8,0,5,0,13.25,994.5448608398438,69.5,0.0,0.0,0,0
2021-10-26 22:00:00,164.0,57.0,0,8,0,5,0,13.125,994.505126953125,70.0,0.0,0.0,0,0
2021-10-26 22:10:00,48.0,45.0,0,8,0,5,0,13.0625,994.4544067382812,70.0,0.0,0.0,0,0
2021-10-26 22:20:00,40.5,42.5,1,8,0,5,0,12.8125,994.4780883789062,70.0,0.0,0.0,0,0
2021-10-26 22:30:00,121.0,51.0,0,8,0,5,0,12.6875,994.3146362304688,71.5,0.0,0.0,0,0
2021-10-26 22:40:00,64.5,45.25,0,8,0,5,0,12.625,994.2418823242188,72.0,0.0,0.0,0,0
2021-10-26 22:50:00,27.625,39.75,1,8,0,5,0,12.5625,994.19970703125,72.0,0.0,0.0,0,0
2021-10-26 23:00:00,46.25,41.25,0,8,0,5,0,12.4375,994.2478637695312,72.0,0.0,0.0,0,0
2021-10-26 23:10:00,90.5,46.75,0,8,0,5,0,12.3125,994.2151489257812,72.5,0.0,0.0,0,0
2021-10-26 23:20:00,78.0,44.75,0,8,0,5,0,12.25,994.130615234375,73.0,0.0,0.0,0,0
2021-10-26 23:30:00,79.5,44.75,0,8,0,5,0,12.1875,994.0750732421875,73.0,0.0,0.0,0,0
2021-10-26 23:40:00,43.5,40.75,0,8,0,5,0,12.125,994.0718383789062,73.0,0.0,0.0,0,0
2021-10-26 23:50:00,77.0,44.0,0,8,0,5,0,12.0,993.9976196289062,73.0,0.0,0.0,0,0
2021-10-27 00:00:00,60.5,42.0,0,8,0,5,0,11.9375,993.973876953125,73.0,0.0,0.0,0,0
2021-10-27 00:10:00,158.0,53.5,0,8,0,5,0,11.8125,993.9397583007812,73.0,0.0,0.0,0,0
2021-10-27 00:20:00,193.0,57.0,0,8,0,5,0,11.6875,993.8665161132812,73.0,0.0,0.0,0,0
2021-10-27 00:30:00,302.0,67.5,0,8,0,5,0,11.625,993.8123168945312,73.5,0.0,0.0,0,0
2021-10-27 00:40:00,320.0,71.0,0,8,0,5,0,11.5,993.7779541015625,74.0,0.0,0.0,0,0
2021-10-27 00:50:00,366.0,75.0,0,8,0,5,0,11.5,993.7728881835938,74.0,0.0,0.0,0,0
2021-10-27 01:00:00,179.0,59.25,0,8,0,5,0,11.375,993.5069580078125,74.0,0.0,0.0,0,0
2021-10-27 01:10:00,115.5,53.25,0,8,0,5,0,11.3125,993.400146484375,74.0,0.0,0.0,0,0
2021-10-27 01:20:00,67.0,46.5,0,8,0,5,0,11.25,993.3748168945312,74.0,0.0,0.0,0,0
2021-10-27 01:30:00,47.5,43.5,0,8,0,5,0,11.1875,993.3597412109375,74.5,0.0,0.0,0,0
2021-10-27 01:40:00,79.0,53.0,0,8,0,5,0,11.1875,993.3723754882812,75.5,0.0,0.0,0,0
2021-10-27 01:50:00,62.0,44.5,0,8,0,5,0,11.125,993.316650390625,75.5,0.0,0.0,0,0
2021-10-27 02:00:00,65.5,44.25,0,8,0,5,0,11.0625,993.2283325195312,75.5,0.0,0.0,0,0
2021-10-27 02:10:00,58.5,43.75,0,8,0,5,0,11.0,993.151611328125,75.5,0.0,0.0,0,0
2021-10-27 02:20:00,82.0,45.5,0,8,0,5,0,10.9375,993.06494140625,75.5,0.0,0.0,0,0
2021-10-27 02:30:00,57.0,42.5,0,8,0,5,0,10.8125,993.0514526367188,74.5,0.0,0.0,0,0
2021-10-27 02:40:00,98.5,47.75,0,8,0,5,0,10.75,992.9761962890625,75.0,0.0,0.0,0,0
2021-10-27 02:50:00,150.0,62.0,0,8,0,5,0,10.625,993.0425415039062,75.0,0.0,0.0,0,0
2021-10-27 03:00:00,155.0,53.75,0,8,0,5,0,10.5625,993.007568359375,75.5,0.0,0.0,0,0
2021-10-27 03:10:00,156.0,54.5,0,8,0,5,0,10.5,992.9513549804688,76.0,0.0,0.0,0,0
2021-10-27 03:20:00,272.0,65.5,0,8,0,5,0,10.5,992.9439086914062,76.0,0.0,0.0,0,0
2021-10-27 03:30:00,288.0,71.5,0,8,0,5,0,10.5,992.9581298828125,76.0,0.0,0.0,0,0
2021-10-27 03:40:00,328.0,73.0,0,8,0,5,0,10.4375,993.0017700195312,76.0,0.0,0.0,0,0
2021-10-27 03:50:00,256.0,66.0,0,8,0,5,0,10.375,992.9640502929688,76.5,0.0,0.0,0,0
2021-10-27 04:00:00,179.0,59.25,0,8,0,5,0,10.375,992.96630859375,76.5,0.0,0.0,0,0
2021-10-27 04:10:00,94.5,51.0,0,8,0,5,0,10.3125,992.9389038085938,76.0,0.0,0.0,0,0
2021-10-27 04:20:00,125.0,53.0,0,8,0,5,0,10.25,992.8631591796875,76.0,0.0,0.0,0,0
2021-10-27 04:30:00,26.875,41.75,1,8,0,5,0,10.125,992.8071899414062,76.0,0.0,0.0,0,0
2021-10-27 04:40:00,61.5,45.5,0,8,0,5,0,10.0625,992.9326782226562,76.0,0.0,0.0,0,0
2021-10-27 04:50:00,116.5,50.5,0,8,0,5,0,10.0,992.7144165039062,76.0,0.0,0.0,0,0
2021-10-27 05:00:00,61.75,44.25,0,8,0,5,0,9.9375,992.638427734375,76.0,0.0,0.0,0,0
2021-10-27 05:10:00,62.75,44.5,0,8,0,5,0,9.875,992.510986328125,76.0,0.0,0.0,0,0
2021-10-27 05:20:00,50.0,42.0,0,8,0,5,0,9.8125,992.6072387695312,76.0,0.0,0.0,0,0
2021-10-27 05:30:00,11.1875,36.75,1,8,0,5,0,9.75,992.64208984375,76.0,0.0,0.0,0,0
2021-10-27 05:40:00,82.0,45.5,0,8,0,5,0,9.6875,992.5848388671875,76.0,0.0,0.0,0,0
2021-10-27 05:50:00,74.5,44.0,0,8,0,5,0,9.6875,992.4776611328125,76.0,0.0,0.0,0,0
2021-10-27 06:00:00,160.0,53.25,0,8,0,5,0,9.5625,992.4318237304688,76.0,0.0,0.0,0,0
2021-10-27 06:10:00,100.5,48.25,0,8,0,5,0,9.5,992.4675903320312,76.0,0.0,0.0,0,0
2021-10-27 06:20:00,175.0,55.25,0,8,0,5,0,9.4375,992.4210815429688,76.0,0.0,0.0,0,0
2021-10-27 06:30:00,304.0,72.0,0,8,0,5,0,9.375,992.4456176757812,76.0,0.0,0.0,0,0
2021-10-27 06:40:00,328.0,76.0,0,8,0,5,0,9.3125,992.5108032226562,76.0,0.0,0.0,0,0
2021-10-27 06:50:00,308.0,70.0,0,8,0,5,0,9.3125,992.6453247070312,76.5,0.0,0.0,0,0
2021-10-27 07:00:00,97.0,50.5,0,8,0,5,0,9.3125,992.76806640625,77.0,0.0,0.0,0,0
2021-10-27 07:10:00,126.5,53.5,0,8,0,5,0,9.3125,992.8098754882812,77.0,0.0,0.0,0,0
2021-10-27 07:20:00,116.5,51.5,0,8,0,5,0,9.375,992.9407348632812,77.5,0.0,0.0,0,0
2021-10-27 07:30:00,86.5,48.0,0,8,0,5,0,9.4375,993.0288696289062,78.5,0.0,0.0,0,0
2021-10-27 07:40:00,84.5,48.25,0,8,0,5,0,9.5625,993.126220703125,79.0,0.0,0.0,0,0
2021-10-27 07:50:00,61.25,44.5,0,8,0,5,0,9.6875,993.1708984375,79.5,0.0,0.0,0,0
2021-10-27 08:00:00,62.5,44.0,0,8,0,5,0,9.8125,993.1427001953125,80.5,0.0,0.0,0,0
2021-10-27 08:10:00,5.4375,37.0,1,8,0,5,0,10.0625,993.1514282226562,81.5,0.0,0.0,0,0
2021-10-27 08:20:00,85.0,45.5,32,8,0,5,0,10.75,993.1098022460938,84.5,0.0,0.0,0,0
2021-10-27 08:30:00,81.5,50.75,32,8,0,5,0,12.375,993.1384887695312,89.5,0.0,0.0,0,0
2021-10-27 08:40:00,12.1875,37.0,33,8,0,5,0,14.75,993.1278686523438,91.5,0.0,0.0,0,0
2021-10-27 08:50:00,61.5,42.0,32,8,0,5,0,17.25,993.1329345703125,90.5,0.0,0.0,0,0
2021-10-27 09:00:00,16.625,36.25,33,8,0,5,0,19.375,993.3234252929688,86.0,0.0,0.0,0,0
2021-10-27 09:10:00,169.0,54.5,32,8,0,6,0,21.375,993.2838745117188,81.0,0.0,0.0,0,0
2021-10-27 09:20:00,202.0,62.25,32,8,0,6,0,23.0,993.2997436523438,76.5,0.0,0.0,0,0
2021-10-27 09:30:00,186.0,56.5,32,8,0,6,0,24.375,993.3434448242188,71.0,0.0,0.0,0,0
2021-10-27 09:40:00,314.0,70.0,32,8,0,6,0,25.375,993.4027709960938,66.5,0.0,0.0,0,0
2021-10-27 09:50:00,222.0,61.75,32,8,0,6,0,25.875,993.3657836914062,62.25,0.0,0.0,0,0
2021-10-27 10:00:00,122.0,52.0,32,8,0,6,0,25.625,993.3158569335938,59.5,0.0,0.0,0,0
2021-10-27 10:10:00,34.5,42.25,33,8,0,6,0,24.75,993.3004760742188,55.5,0.0,0.0,0,0
2021-10-27 10:20:00,48.5,42.5,32,8,0,6,0,24.0,993.289794921875,54.0,0.0,0.0,0,0
2021-10-27 10:30:00,45.75,41.75,32,8,0,6,0,23.5,993.1961059570312,53.25,0.0,0.0,0,0
2021-10-27 10:40:00,45.75,41.75,32,8,0,6,0,23.625,993.14794921875,53.25,0.0,0.0,0,0
2021-10-27 10:50:00,66.0,43.25,32,8,0,6,0,23.875,993.1011352539062,53.25,0.0,0.0,0,0
2021-10-27 11:00:00,57.5,42.0,32,8,0,6,0,24.125,993.0223999023438,51.75,0.0,0.0,0,0
2021-10-27 11:10:00,69.5,44.0,32,8,0,6,0,24.125,992.9595947265625,51.0,0.0,0.0,0,0
2021-10-27 11:20:00,70.0,43.25,32,8,0,6,0,24.0,992.9207153320312,50.75,0.0,0.0,0,0
2021-10-27 11:30:00,0.81640625,33.25,1,8,0,6,0,23.875,992.893798828125,51.0,0.0,0.0,0,0
2021-10-27 11:40:00,59.5,41.75,0,8,0,6,0,23.875,992.8624877929688,51.5,0.0,0.0,0,0
2021-10-27 11:50:00,27.625,37.25,1,8,0,6,0,23.875,992.5595092773438,51.5,0.0,0.0,0,0
2021-10-27 12:00:00,36.5,38.0,1,8,0,6,0,23.875,992.419189453125,51.0,0.0,0.0,0,0
2021-10-27 12:10:00,154.0,52.25,0,8,0,6,0,23.875,992.3577880859375,51.0,0.0,0.0,0,0
2021-10-27 12:20:00,180.0,55.0,0,8,0,6,0,24.0,992.3141479492188,51.5,0.0,0.0,0,0
2021-10-27 12:30:00,175.0,54.75,0,8,0,6,0,24.0,992.2199096679688,49.75,0.0,0.0,0,0
2021-10-27 12:40:00,316.0,69.5,0,8,0,6,0,24.25,992.0377197265625,51.0,0.0,0.0,0,0
2021-10-27 12:50:00,230.0,62.0,0,8,0,6,0,25.25,992.032470703125,49.75,0.0,0.0,0,0
2021-10-27 13:00:00,96.5,48.75,0,8,0,6,0,27.25,991.9288940429688,47.0,0.0,0.0,0,0
2021-10-27 13:10:00,65.5,45.5,0,8,0,6,0,29.5,991.9036865234375,45.25,0.0,0.0,0,0
2021-10-27 13:20:00,85.5,52.0,0,8,0,6,0,31.375,991.8665771484375,41.75,0.0,0.0,0,0
2021-10-27 13:30:00,54.75,42.75,32,8,0,6,0,32.5,991.7405395507812,39.75,0.0,0.0,0,0
2021-10-27 13:40:00,65.0,44.25,32,8,0,6,0,33.5,991.6799926757812,39.0,0.0,0.0,0,0
2021-10-27 13:50:00,77.0,44.75,32,8,0,6,1,34.25,991.5782470703125,37.75,0.0,0.0,0,0
2021-10-27 14:00:00,45.5,40.75,32,8,0,6,1,35.0,991.4505004882812,36.75,0.0,0.0,0,0
2021-10-27 14:10:00,15.0,37.0,33,8,0,6,1,35.75,991.3916015625,35.5,0.0,0.0,0,0
2021-10-27 14:20:00,17.875,36.25,33,8,0,7,1,36.25,991.410400390625,35.0,0.0,0.0,0,0
2021-10-27 14:30:00,46.75,39.75,32,8,0,7,1,36.75,991.3527221679688,34.5,0.0,0.0,0,0
2021-10-27 14:40:00,16.625,36.25,33,8,0,7,1,37.25,991.3297119140625,32.75,0.0,0.0,0,0
2021-10-27 14:50:00,31.25,37.25,33,8,0,7,1,37.75,991.2518310546875,31.625,0.0,0.0,0,0
2021-10-27 15:00:00,62.0,41.0,32,8,0,7,1,37.75,991.1947631835938,30.125,0.0,0.0,0,0
2021-10-27 15:10:00,114.0,47.75,0,8,0,7,1,37.75,991.1481323242188,29.25,0.0,0.0,0,0
2021-10-27 15:20:00,157.0,52.25,0,8,0,7,1,37.5,991.1800537109375,28.875,0.0,0.0,0,0
2021-10-27 15:30:00,185.0,55.75,0,8,0,7,1,36.5,991.1793823242188,29.375,0.0,0.0,0,0
2021-10-27 15:40:00,241.0,62.5,0,8,0,7,1,35.25,991.191650390625,30.0,0.0,0.0,0,0
2021-10-27 15:50:00,194.0,58.0,0,8,0,7,1,34.0,991.1987915039062,30.875,0.0,0.0,0,0
2021-10-27 16:00:00,165.0,55.25,0,8,0,7,1,33.0,991.1835327148438,31.625,0.0,0.0,0,0
2021-10-27 16:10:00,30.375,41.0,1,8,0,7,1,32.75,991.1685180664062,32.75,0.0,0.0,0,0
2021-10-27 16:20:00,64.0,43.75,0,8,0,6,1,32.5,991.1961669921875,34.0,0.0,0.0,0,0
2021-10-27 16:30:00,43.75,41.0,0,8,0,6,1,31.75,991.24462890625,35.5,0.0,0.0,0,0
2021-10-27 16:40:00,12.6875,37.0,1,8,0,6,1,30.625,991.184814453125,36.25,0.0,0.0,0,0
2021-10-27 16:50:00,93.5,51.25,4,8,0,6,1,29.0,991.11279296875,36.75,0.0,0.0,0,0
2021-10-27 17:00:00,131.0,50.25,0,8,0,6,1,27.375,991.1793212890625,37.5,0.0,0.0,0,0
2021-10-27 17:10:00,87.0,46.25,0,8,0,6,0,25.875,991.034912109375,39.0,0.0,0.0,0,0
2021-10-27 17:20:00,38.75,39.75,1,8,0,6,0,24.625,991.071533203125,40.25,0.0,0.0,0,0
2021-10-27 17:30:00,91.0,51.0,0,8,0,6,0,23.5,991.0113525390625,41.75,0.0,0.0,0,0
2021-10-27 17:40:00,27.25,38.5,1,8,0,6,0,22.375,991.0009155273438,43.5,0.0,0.0,0,0
2021-10-27 17:50:00,84.0,44.5,0,8,0,6,0,21.5,991.0239868164062,45.0,0.0,0.0,0,0
2021-10-27 18:00:00,85.5,44.75,0,8,0,6,0,20.625,991.0010375976562,46.0,0.0,0.0,0,0
2021-10-27 18:10:00,191.0,61.75,0,8,0,6,0,20.0,990.8793334960938,47.5,0.0,0.0,0,0
2021-10-27 18:20:00,242.0,61.75,0,8,0,6,0,19.375,990.7115478515625,49.25,0.0,0.0,0,0
2021-10-27 18:30:00,292.0,71.0,0,8,0,6,0,18.75,990.7323608398438,51.0,0.0,0.0,0,0
2021-10-27 18:40:00,212.0,61.75,0,8,0,6,0,18.25,990.7394409179688,52.0,0.0,0.0,0,0
2021-10-27 18:50:00,218.0,69.5,0,8,0,6,0,17.625,990.7150268554688,53.25,0.0,0.0,0,0
2021-10-27 19:00:00,130.0,53.0,0,8,0,6,0,17.125,990.7175903320312,54.5,0.0,0.0,0,0
2021-10-27 19:10:00,86.0,48.75,0,8,0,6,0,16.625,990.7147216796875,56.0,0.0,0.0,0,0
2021-10-27 19:20:00,82.0,47.0,0,8,0,6,0,16.25,990.7413330078125,57.25,0.0,0.0,0,0
2021-10-27 19:30:00,43.0,42.0,0,8,0,6,0,15.9375,990.6505126953125,58.25,0.0,0.0,0,0
2021-10-27 19:40:00,75.0,46.0,0,8,0,5,0,15.625,990.6090698242188,59.5,0.0,0.0,0,0
2021-10-27 19:50:00,95.5,47.25,0,8,0,6,0,15.3125,990.5148315429688,60.0,0.0,0.0,0,0
2021-10-27 20:00:00,80.0,45.5,0,8,0,5,0,15.0,990.3787841796875,60.75,0.0,0.0,0,0
2021-10-27 20:10:00,62.5,44.0,0,8,0,6,0,14.6875,990.291259765625,61.75,0.0,0.0,0,0
2021-10-27 20:20:00,61.5,48.5,0,8,0,5,0,14.4375,990.2127075195312,62.5,0.0,0.0,0,0
2021-10-27 20:30:00,73.5,44.0,0,8,0,5,0,14.1875,990.1419677734375,63.5,0.0,0.0,0,0
2021-10-27 20:40:00,65.0,43.5,0,8,0,5,0,14.0,990.069091796875,64.0,0.0,0.0,0,0
2021-10-27 20:50:00,98.5,52.0,0,8,0,5,0,13.75,990.1065063476562,65.0,0.0,0.0,0,0
2021-10-27 21:00:00,88.0,45.5,0,8,0,5,0,13.5625,990.0825805664062,65.0,0.0,0.0,0,0
2021-10-27 21:10:00,197.0,58.0,0,8,0,5,0,13.4375,990.0846557617188,65.5,0.0,0.0,0,0
2021-10-27 21:20:00,188.0,57.0,0,8,0,5,0,13.3125,990.008544921875,66.5,0.0,0.0,0,0
2021-10-27 21:30:00,296.0,67.5,0,8,0,5,0,13.125,989.9492797851562,66.5,0.0,0.0,0,0
2021-10-27 21:40:00,354.0,74.5,0,8,0,5,0,13.0,989.9302978515625,67.0,0.0,0.0,0,0
2021-10-27 21:50:00,266.0,66.5,0,8,0,5,0,12.8125,989.8116455078125,68.0,0.0,0.0,0,0
2021-10-27 22:00:00,133.0,54.25,0,8,0,5,0,12.6875,989.7211303710938,68.0,0.0,0.0,0,0
2021-10-27 22:10:00,72.5,47.75,0,8,0,5,0,12.625,989.6080932617188,68.5,0.0,0.0,0,0
2021-10-27 22:20:00,24.25,40.75,1,8,0,5,0,12.5,989.506591796875,68.5,0.0,0.0,0,0
2021-10-27 22:30:00,22.25,39.75,1,8,0,5,0,12.375,989.273193359375,69.0,0.0,0.0,0,0
2021-10-27 22:40:00,84.5,47.25,0,8,0,5,0,12.25,989.0902709960938,69.5,0.0,0.0,0,0
2021-10-27 22:50:00,77.5,45.5,0,8,0,5,0,12.125,988.9574584960938,69.5,0.0,0.0,0,0
2021-10-27 23:00:00,105.5,48.5,0,8,0,5,0,12.0,988.8743286132812,70.0,0.0,0.0,0,0
2021-10-27 23:10:00,54.0,43.25,0,8,0,5,0,11.9375,988.65966796875,70.0,0.0,0.0,0,0
2021-10-27 23:20:00,64.0,43.25,0,8,0,5,0,11.8125,988.4751586914062,70.5,0.0,0.0,0,0
2021-10-27 23:30:00,69.5,43.75,0,8,0,5,0,11.75,988.2276611328125,70.5,0.0,0.0,0,0
2021-10-27 23:40:00,58.0,42.75,0,8,0,5,0,11.625,988.144287109375,71.0,0.0,0.0,0,0
2021-10-27 23:50:00,86.0,45.25,0,8,0,5,0,11.5625,988.039794921875,71.5,0.0,0.0,0,0
2021-10-28 00:00:00,140.0,51.25,0,8,0,5,0,11.4375,987.8543701171875,71.5,0.0,0.0,0,0
2021-10-28 00:10:00,187.0,57.5,0,8,0,5,0,11.375,987.7604370117188,72.0,0.0,0.0,0,0
2021-10-28 00:20:00,231.0,61.25,0,8,0,5,0,11.25,987.6458129882812,72.0,0.0,0.0,0,0
2021-10-28 00:30:00,378.0,75.0,0,8,0,5,0,11.125,987.37939453125,72.0,0.0,0.0,0,0
2021-10-28 00:40:00,334.0,77.5,0,8,0,5,0,11.125,987.2832641601562,72.5,0.0,0.0,0,0
2021-10-28 00:50:00,294.0,69.5,0,8,0,5,0,11.0625,987.1467895507812,73.0,0.0,0.0,0,0
2021-10-28 01:00:00,123.0,54.0,0,8,0,5,0,11.0625,987.1900024414062,73.0,0.0,0.0,0,0
2021-10-28 01:10:00,74.5,54.5,0,8,0,5,0,11.0,987.1032104492188,73.5,0.0,0.0,0,0
2021-10-28 01:20:00,82.0,48.0,0,8,0,5,0,11.0,987.0142211914062,73.5,0.0,0.0,0,0
2021-10-28 01:30:00,115.5,51.25,0,8,0,5,0,10.9375,986.9658813476562,74.0,0.0,0.0,0,0
2021-10-28 01:40:00,67.0,46.5,0,8,0,5,0,11.0,986.9058837890625,74.0,0.0,0.0,0,0
2021-10-28 01:50:00,53.75,43.5,0,8,0,5,0,10.9375,986.9078979492188,74.0,0.0,0.0,0,0
2021-10-28 02:00:00,26.125,45.75,1,8,0,5,0,10.875,986.8505859375,74.0,0.0,0.0,0,0
2021-10-28 02:10:00,34.5,40.75,1,8,0,5,0,10.875,986.9324340820312,74.5,0.0,0.0,0,0
2021-10-28 02:20:00,64.5,43.25,0,8,0,5,0,10.9375,986.7908325195312,75.0,0.0,0.0,0,0
2021-10-28 02:30:00,86.0,51.0,0,8,0,5,0,10.9375,986.4265747070312,75.5,0.0,0.0,0,0
2021-10-28 02:40:00,34.0,40.0,1,8,0,5,0,10.9375,986.5371704101562,74.5,0.0,0.0,0,0
2021-10-28 02:50:00,54.0,41.25,0,8,0,5,0,10.9375,986.3865356445312,74.5,0.0,0.0,0,0
2021-10-28 03:00:00,192.0,61.0,0,8,0,5,0,10.875,986.4607543945312,74.0,0.0,0.0,0,0
2021-10-28 03:10:00,108.0,49.25,0,8,0,5,0,10.8125,986.2694091796875,74.0,0.0,0.0,0,0
2021-10-28 03:20:00,207.0,58.5,0,8,0,5,0,10.75,986.2825317382812,74.0,0.0,0.0,0,0
2021-10-28 03:30:00,296.0,67.5,0,8,0,5,0,10.75,986.2136840820312,74.5,0.0,0.0,0,0
2021-10-28 03:40:00,344.0,73.5,0,8,0,5,0,10.8125,986.2213134765625,75.5,0.0,0.0,0,0
2021-10-28 03:50:00,304.0,70.0,0,8,0,5,0,10.9375,986.248046875,75.5,0.0,0.0,0,0
2021-10-28 04:00:00,115.5,52.75,0,8,0,5,0,11.0625,986.2432861328125,76.5,0.0,0.0,0,0
2021-10-28 04:10:00,146.0,61.0,0,8,0,5,0,11.1875,986.1854858398438,76.5,0.0,0.0,0,0
2021-10-28 04:20:00,103.5,50.5,0,8,0,5,0,11.375,986.1281127929688,76.5,0.0,0.0,0,0
2021-10-28 04:30:00,114.5,51.25,0,8,0,5,0,11.4375,986.0916137695312,76.5,0.0,0.0,0,0
2021-10-28 04:40:00,72.5,53.0,0,8,0,5,0,11.5625,986.0621337890625,76.0,0.0,0.0,0,0
2021-10-28 04:50:00,27.25,40.5,1,8,0,5,0,11.6875,986.0548706054688,76.0,0.0,0.0,0,0
2021-10-28 05:00:00,56.5,43.25,0,8,0,5,0,11.75,986.0693969726562,75.5,0.0,0.0,0,0
2021-10-28 05:10:00,37.0,41.25,1,8,0,5,0,11.875,986.0203857421875,75.0,0.0,0.0,0,0
2021-10-28 05:20:00,-6.28125,33.25,1,8,0,5,0,12.0625,986.0113525390625,74.5,0.0,0.0,0,0
2021-10-28 05:30:00,89.5,45.5,0,8,0,5,0,12.3125,985.9779663085938,73.5,0.0,0.0,0,0
2021-10-28 05:40:00,49.5,41.75,0,8,0,5,0,12.5625,985.913330078125,73.0,0.0,0.0,0,0
2021-10-28 05:50:00,-1.609375,32.25,1,8,0,5,0,12.8125,985.8270874023438,72.5,0.0,0.0,0,0
2021-10-28 06:00:00,158.0,52.25,0,8,0,5,0,13.0,985.7633666992188,72.0,0.0,0.0,0,0
2021-10-28 06:10:00,135.0,51.5,0,8,0,5,0,13.1875,985.6801147460938,71.5,0.0,0.0,0,0
2021-10-28 06:20:00,158.0,53.25,0,8,0,5,0,13.3125,985.516357421875,70.5,0.0,0.0,0,0
2021-10-28 06:30:00,168.0,54.75,0,8,0,5,0,13.4375,985.486328125,69.5,0.0,0.0,0,0
2021-10-28 06:40:00,352.0,77.5,0,8,0,5,0,13.5625,985.4653930664062,69.0,0.0,0.0,0,0
2021-10-28 06:50:00,262.0,65.5,0,8,0,5,0,13.6875,985.5066528320312,68.0,0.0,0.0,0,0
2021-10-28 07:00:00,164.0,56.75,0,8,0,5,0,13.75,985.4681396484375,68.0,0.0,0.0,0,0
2021-10-28 07:10:00,67.5,47.0,0,8,0,5,0,13.875,985.5818481445312,67.5,0.0,0.0,0,0
2021-10-28 07:20:00,52.5,43.75,0,8,0,5,0,13.875,985.537353515625,67.0,0.0,0.0,0,0
2021-10-28 07:30:00,17.0,38.5,1,8,0,5,0,13.9375,985.35693359375,67.5,0.0,0.0,0,0
2021-10-28 07:40:00,91.5,47.75,0,8,0,5,0,14.125,985.359130859375,68.0,0.0,0.0,0,0
2021-10-28 07:50:00,44.0,41.25,0,8,0,5,0,14.25,985.4820556640625,68.0,0.0,0.0,0,0
2021-10-28 08:00:00,77.5,44.75,0,8,0,5,0,14.4375,985.5925903320312,66.5,0.0,0.0,0,0
2021-10-28 08:10:00,70.0,44.5,0,8,0,5,0,14.75,985.586181640625,66.0,0.0,0.0,0,0
2021-10-28 08:20:00,57.0,42.0,0,8,0,5,0,15.5,985.549072265625,66.0,0.0,0.0,0,0
2021-10-28 08:30:00,33.75,38.75,1,8,0,5,0,17.0,985.5043334960938,65.0,0.0,0.0,0,0
2021-10-28 08:40:00,40.0,40.0,0,8,0,5,0,18.875,985.5900268554688,63.5,0.0,0.0,0,0
2021-10-28 08:50:00,74.5,43.25,32,8,0,6,0,20.75,985.6387939453125,60.0,0.0,0.0,0,0
2021-10-28 09:00:00,122.5,48.75,32,8,0,6,0,22.5,985.549560546875,57.75,0.0,0.0,0,0
2021-10-28 09:10:00,163.0,54.5,32,8,0,6,0,23.875,985.47607421875,54.0,0.0,0.0,0,0
2021-10-28 09:20:00,150.0,52.75,32,8,0,6,0,25.0,985.4750366210938,51.0,0.0,0.0,0,0
2021-10-28 09:30:00,282.0,65.5,32,8,0,6,0,25.875,985.4243774414062,48.75,0.0,0.0,0,0
2021-10-28 09:40:00,260.0,70.0,32,8,0,6,0,26.625,985.3267822265625,46.5,0.0,0.0,0,0
2021-10-28 09:50:00,280.0,67.0,32,8,0,6,0,27.0,985.2825927734375,45.25,0.0,0.0,0,0
2021-10-28 10:00:00,107.0,51.0,32,8,0,6,0,26.625,985.0701904296875,42.5,0.0,0.0,0,0
2021-10-28 10:10:00,16.375,40.5,33,8,0,6,0,26.0,985.1403198242188,40.75,0.0,0.0,0,0
2021-10-28 10:20:00,18.5,38.75,33,8,0,6,0,25.25,985.0615234375,40.5,0.0,0.0,0,0
2021-10-28 10:30:00,69.5,44.5,4,8,0,6,0,24.875,984.8486938476562,40.75,0.0,0.0,0,0
2021-10-28 10:40:00,45.75,42.0,0,8,0,6,0,24.875,984.8569946289062,40.75,0.0,0.0,0,0
2021-10-28 10:50:00,45.75,41.0,0,8,0,6,0,25.0,984.644287109375,40.75,0.0,0.0,0,0
2021-10-28 11:00:00,41.75,40.0,0,8,0,6,0,25.125,984.490234375,40.75,0.0,0.0,0,0
2021-10-28 11:10:00,11.125,36.5,1,8,0,6,0,25.125,984.2780151367188,40.75,0.0,0.0,0,0
2021-10-28 11:20:00,42.25,39.25,0,8,0,6,0,25.125,984.1765747070312,40.75,0.0,0.0,0,0
2021-10-28 11:30:00,60.0,41.25,0,8,0,6,0,25.125,984.0574951171875,40.5,0.0,0.0,0,0
2021-10-28 11:40:00,40.75,39.5,0,8,0,6,0,25.125,983.8233642578125,40.25,0.0,0.0,0,0
2021-10-28 11:50:00,59.0,41.0,0,8,0,6,0,25.125,983.8242797851562,39.5,0.0,0.0,0,0
2021-10-28 12:00:00,75.0,42.75,0,8,0,6,0,25.125,983.4501953125,40.25,0.0,0.0,0,0
2021-10-28 12:10:00,128.0,50.0,0,8,0,6,0,25.25,983.2214965820312,40.25,0.0,0.0,0,0
2021-10-28 12:20:00,230.0,59.75,0,8,0,6,0,25.5,983.0701293945312,39.5,0.0,0.0,0,0
2021-10-28 12:30:00,262.0,63.75,0,8,0,6,0,25.875,982.9650268554688,39.0,0.0,0.0,0,0
2021-10-28 12:40:00,380.0,76.5,0,8,0,6,0,26.125,982.900146484375,38.75,0.0,0.0,0,0
2021-10-28 12:50:00,268.0,66.5,0,8,0,6,0,26.625,982.5400390625,38.5,0.0,0.0,0,0
2021-10-28 13:00:00,121.0,52.5,0,8,0,6,0,27.5,982.4774169921875,37.75,0.0,0.0,0,0
2021-10-28 13:10:00,34.0,43.0,1,8,0,6,0,28.625,982.3639526367188,37.75,0.0,0.0,0,0
2021-10-28 13:20:00,50.5,43.25,0,8,0,6,0,29.75,982.1061401367188,37.25,0.0,0.0,0,0
2021-10-28 13:30:00,35.5,41.0,1,8,0,6,0,30.625,981.9474487304688,36.75,0.0,0.0,0,0
2021-10-28 13:40:00,7.4375,37.25,1,8,0,6,0,31.25,981.89501953125,35.5,0.0,0.0,0,0
2021-10-28 13:50:00,157.0,53.25,0,8,0,6,0,30.875,981.703125,32.75,0.0,0.0,0,0
2021-10-28 14:00:00,67.0,44.0,0,8,0,6,0,30.0,981.8656005859375,31.25,0.0,0.0,0,0
