"","dates","obs","Rn_noah","obs_era","Rn_era"
"1",2021-01-01,0.014703250490129,14.703250490129,0.00709684705361724,7.09684705361724
"2",2021-01-02,0.0151388244703412,15.1388244703412,0.0072108106687665,7.2108106687665
"3",2021-01-03,0.0155859850347042,15.5859850347042,0.00697367591783404,6.97367591783404
"4",2021-01-04,0.0154937729239464,15.4937729239464,0.00701747555285692,7.01747555285692
"5",2021-01-05,0.0158561673015356,15.8561673015356,0.0071780476719141,7.1780476719141
"6",2021-01-06,0.0163849499076605,16.3849499076605,0.00770833715796471,7.70833715796471
"7",2021-01-07,0.0169930104166269,16.9930104166269,0.0083382735028863,8.3382735028863
"8",2021-01-08,0.0175644904375076,17.5644904375076,0.00903619173914194,9.03619173914194
"9",2021-01-09,0.0153846899047494,15.3846899047494,0.00956445373594761,9.56445373594761
"10",2021-01-10,0.0161268096417189,16.1268096417189,0.00944542977958918,9.44542977958918
"11",2021-01-11,0.016594810411334,16.594810411334,0.00950404070317745,9.50404070317745
"12",2021-01-12,0.0169996283948421,16.9996283948421,0.00954520609229803,9.54520609229803
"13",2021-01-13,0.0172134041786194,17.2134041786194,0.00954901054501534,9.54901054501534
"14",2021-01-14,0.0173692740499973,17.3692740499973,0.00965103693306446,9.65103693306446
"15",2021-01-15,0.0174949392676353,17.4949392676353,0.00947306212037802,9.47306212037802
"16",2021-01-16,0.0177190192043781,17.7190192043781,0.00995594076812267,9.95594076812267
"17",2021-01-17,0.017752768471837,17.752768471837,0.0103898141533136,10.3898141533136
"18",2021-01-18,0.0178056843578815,17.8056843578815,0.0105658993124962,10.5658993124962
"19",2021-01-19,0.0179522056132555,17.9522056132555,0.0110348984599113,11.0348984599113
"20",2021-01-20,0.014835893176496,14.835893176496,0.0115926126018167,11.5926126018167
"21",2021-01-21,0.0156290847808123,15.6290847808123,0.0118720876052976,11.8720876052976
"22",2021-01-22,0.0163613371551037,16.3613371551037,0.0106482533738017,10.6482533738017
"23",2021-01-23,0.0135163059458137,13.5163059458137,0.0094927717000246,9.4927717000246
"24",2021-01-24,0.0146169643849134,14.6169643849134,0.00799468345940113,7.99468345940113
"25",2021-01-25,0.0125765176489949,12.5765176489949,0.00761280860751867,7.61280860751867
"26",2021-01-26,0.0136856762692332,13.6856762692332,0.00840239878743887,8.40239878743887
"27",2021-01-27,0.0145364077761769,14.5364077761769,0.00817679706960917,8.17679706960917
"28",2021-01-28,0.0144335264340043,14.4335264340043,0.00902898237109184,9.02898237109184
"29",2021-01-29,0.0142096877098083,14.2096877098083,0.00977265276014805,9.77265276014805
"30",2021-01-30,0.0127023858949542,12.7023858949542,0.00899938214570284,8.99938214570284
"31",2021-01-31,0.0142871225252748,14.2871225252748,0.00775479711592197,7.75479711592197
"32",2021-02-01,0.0148979797959328,14.8979797959328,0.0083836680278182,8.3836680278182
"33",2021-02-02,0.0150502780452371,15.0502780452371,0.00885227508842945,8.85227508842945
"34",2021-02-03,0.0155169516801834,15.5169516801834,0.00956678949296474,9.56678949296474
"35",2021-02-04,0.0152361709624529,15.2361709624529,0.0100212171673775,10.0212171673775
"36",2021-02-05,0.0151243386790156,15.1243386790156,0.00844627991318703,8.44627991318703
"37",2021-02-06,0.0147546846419573,14.7546846419573,0.00534319411963224,5.34319411963224
"38",2021-02-07,0.0133104119449854,13.3104119449854,0.00689286785200238,6.89286785200238
"39",2021-02-08,0.0135281123220921,13.5281123220921,0.00766010815277696,7.66010815277696
"40",2021-02-09,0.0135490028187633,13.5490028187633,0.00829201005399227,8.29201005399227
"41",2021-02-10,0.013023504987359,13.023504987359,0.0083258543163538,8.3258543163538
"42",2021-02-11,0.0139665976166725,13.9665976166725,0.00902650039643049,9.02650039643049
"43",2021-02-12,0.0143280355259776,14.3280355259776,0.00797898322343826,7.97898322343826
"44",2021-02-13,0.0141614777967334,14.1614777967334,0.00810323189944029,8.10323189944029
"45",2021-02-14,0.0151543393731117,15.1543393731117,0.0091146444901824,9.1146444901824
"46",2021-02-15,0.0158186256885529,15.8186256885529,0.0101967500522733,10.1967500522733
"47",2021-02-16,0.0157353319227695,15.7353319227695,0.0110727790743113,11.0727790743113
"48",2021-02-17,0.016158040612936,16.158040612936,0.0115046296268702,11.5046296268702
"49",2021-02-18,0.0165011510252953,16.5011510252953,0.0118119409307837,11.8119409307837
"50",2021-02-19,0.0159137733280659,15.9137733280659,0.0119566656649113,11.9566656649113
"51",2021-02-20,0.0141108669340611,14.1108669340611,0.0127678448334336,12.7678448334336
"52",2021-02-21,0.0138349141925573,13.8349141925573,0.0128851849585772,12.8851849585772
"53",2021-02-22,0.0144931636750698,14.4931636750698,0.0086895814165473,8.6895814165473
"54",2021-02-23,0.0148074412718415,14.8074412718415,0.00970552861690521,9.70552861690521
"55",2021-02-24,0.0158720389008522,15.8720389008522,0.0108058471232653,10.8058471232653
"56",2021-02-25,0.0160019006580114,16.0019006580114,0.0115483123809099,11.5483123809099
"57",2021-02-26,0.0160586256533861,16.0586256533861,0.0118463048711419,11.8463048711419
"58",2021-02-27,0.0164702851325274,16.4702851325274,0.0122066084295511,12.2066084295511
"59",2021-02-28,0.0167942326515913,16.7942326515913,0.0125580253079534,12.5580253079534
"60",2021-03-01,0.0170723646879196,17.0723646879196,0.011696676723659,11.696676723659
"61",2021-03-02,0.0175059586763382,17.5059586763382,0.0124927014112473,12.4927014112473
"62",2021-03-03,0.0178595874458551,17.8595874458551,0.0130608370527625,13.0608370527625
"63",2021-03-04,0.0180937331169844,18.0937331169844,0.0135934473946691,13.5934473946691
"64",2021-03-05,0.0182383693754673,18.2383693754673,0.0138792879879475,13.8792879879475
"65",2021-03-06,0.0183007791638374,18.3007791638374,0.0138963060453534,13.8963060453534
"66",2021-03-07,0.0183842964470387,18.3842964470387,0.0141407530754805,14.1407530754805
"67",2021-03-08,0.0184823796153069,18.4823796153069,0.0141434846445918,14.1434846445918
"68",2021-03-09,0.0185861382633448,18.5861382633448,0.0133767435327172,13.3767435327172
"69",2021-03-10,0.0186418816447258,18.6418816447258,0.0137308817356825,13.7308817356825
"70",2021-03-11,0.0160826630890369,16.0826630890369,0.0141250938177109,14.1250938177109
"71",2021-03-12,0.0156793873757124,15.6793873757124,0.0130857275798917,13.0857275798917
"72",2021-03-13,0.0168789904564619,16.8789904564619,0.0135051049292088,13.5051049292088
"73",2021-03-14,0.0174646452069283,17.4646452069283,0.0124144582077861,12.4144582077861
"74",2021-03-15,0.0178030226379633,17.8030226379633,0.0124403620138764,12.4403620138764
"75",2021-03-16,0.0180885810405016,18.0885810405016,0.013089943677187,13.089943677187
"76",2021-03-17,0.0183125119656324,18.3125119656324,0.0134315956383944,13.4315956383944
"77",2021-03-18,0.0185223054140806,18.5223054140806,0.0129869636148214,12.9869636148214
"78",2021-03-19,0.0180886089801788,18.0886089801788,0.0106107080355287,10.6107080355287
"79",2021-03-20,0.0183434337377548,18.3434337377548,0.00994827225804329,9.94827225804329
"80",2021-03-21,0.0185997765511274,18.5997765511274,0.0109118884429336,10.9118884429336
"81",2021-03-22,0.0188356582075357,18.8356582075357,0.011544669046998,11.544669046998
"82",2021-03-23,0.0191893950104713,19.1893950104713,0.0123362187296152,12.3362187296152
"83",2021-03-24,0.0194951351732016,19.4951351732016,0.0130931464955211,13.0931464955211
"84",2021-03-25,0.019704632461071,19.704632461071,0.0136688379570842,13.6688379570842
"85",2021-03-26,0.0198611989617348,19.8611989617348,0.0140183391049504,14.0183391049504
"86",2021-03-27,0.0199969541281462,19.9969541281462,0.0142449960112572,14.2449960112572
"87",2021-03-28,0.0202501881867647,20.2501881867647,0.0148367714136839,14.8367714136839
"88",2021-03-29,0.0205147787928581,20.5147787928581,0.015625512227416,15.625512227416
"89",2021-03-30,0.0207313597202301,20.7313597202301,0.0164594519883394,16.4594519883394
"90",2021-03-31,0.0206723138689995,20.6723138689995,0.0172555912286043,17.2555912286043
"91",2021-04-01,0.0185266491025686,18.5266491025686,0.0179529152810574,17.9529152810574
"92",2021-04-02,0.0189107600599527,18.9107600599527,0.0181975588202477,18.1975588202477
"93",2021-04-03,0.0194388348609209,19.4388348609209,0.0184027291834354,18.4027291834354
"94",2021-04-04,0.0198446102440357,19.8446102440357,0.0186701007187366,18.6701007187366
"95",2021-04-05,0.0202815551310778,20.2815551310778,0.0190473105758429,19.0473105758429
"96",2021-04-06,0.0205719750374556,20.5719750374556,0.0192273985594511,19.2273985594511
"97",2021-04-07,0.0207528453320265,20.7528453320265,0.0192540008574724,19.2540008574724
"98",2021-04-08,0.0211149025708437,21.1149025708437,0.01970543153584,19.70543153584
"99",2021-04-09,0.0213006697595119,21.3006697595119,0.0195157676935196,19.5157676935196
"100",2021-04-10,0.0208861567080021,20.8861567080021,0.0180330630391836,18.0330630391836
"101",2021-04-11,0.0205648671835661,20.5648671835661,0.0125842206180096,12.5842206180096
"102",2021-04-12,0.0199442598968744,19.9442598968744,0.0128237837925553,12.8237837925553
"103",2021-04-13,0.0202503614127636,20.2503614127636,0.0139219760894775,13.9219760894775
"104",2021-04-14,0.0206938851624727,20.6938851624727,0.0148200448602438,14.8200448602438
"105",2021-04-15,0.021155146881938,21.155146881938,0.0155716799199581,15.5716799199581
"106",2021-04-16,0.0215405393391848,21.5405393391848,0.0162072796374559,16.2072796374559
"107",2021-04-17,0.0218351986259222,21.8351986259222,0.0167186632752419,16.7186632752419
"108",2021-04-18,0.022147610783577,22.147610783577,0.017268568277359,17.268568277359
"109",2021-04-19,0.0223865322768688,22.3865322768688,0.01789490878582,17.89490878582
"110",2021-04-20,0.0225638877600431,22.5638877600431,0.0181557070463896,18.1557070463896
"111",2021-04-21,0.022774625569582,22.774625569582,0.0182155277580023,18.2155277580023
"112",2021-04-22,0.0221420358866453,22.1420358866453,0.0181693714112043,18.1693714112043
"113",2021-04-23,0.0214679408818483,21.4679408818483,0.0186237283051014,18.6237283051014
"114",2021-04-24,0.0220638532191515,22.0638532191515,0.0193804483860731,19.3804483860731
"115",2021-04-25,0.0195828843861818,19.5828843861818,0.0200887769460678,20.0887769460678
"116",2021-04-26,0.0176227204501629,17.6227204501629,0.0200882963836193,20.0882963836193
"117",2021-04-27,0.0158262718468904,15.8262718468904,0.0192892029881477,19.2892029881477
"118",2021-04-28,0.0173238962888718,17.3238962888718,0.0186853613704443,18.6853613704443
"119",2021-04-29,0.0183301661163568,18.3301661163568,0.0174593962728977,17.4593962728977
"120",2021-04-30,0.0188475418835878,18.8475418835878,0.0164502020925283,16.4502020925283
"121",2021-05-01,0.0192731395363808,19.2731395363808,0.0159959811717272,15.9959811717272
"122",2021-05-02,0.019726974889636,19.726974889636,0.0160911791026592,16.0911791026592
"123",2021-05-03,0.0201611295342445,20.1611295342445,0.0166828911751509,16.6828911751509
"124",2021-05-04,0.0206729341298342,20.6729341298342,0.0173760745674372,17.3760745674372
"125",2021-05-05,0.0211582854390144,21.1582854390144,0.0178345181047916,17.8345181047916
"126",2021-05-06,0.0214070789515972,21.4070789515972,0.0181517079472542,18.1517079472542
"127",2021-05-07,0.0214580688625574,21.4580688625574,0.0183838531374931,18.3838531374931
"128",2021-05-08,0.021742457523942,21.742457523942,0.0190294459462166,19.0294459462166
"129",2021-05-09,0.0215715877711773,21.5715877711773,0.0195216424763203,19.5216424763203
"130",2021-05-10,0.0213143583387136,21.3143583387136,0.0179863628000021,17.9863628000021
"131",2021-05-11,0.0217476077377796,21.7476077377796,0.0152209727093577,15.2209727093577
"132",2021-05-12,0.0221261829137802,22.1261829137802,0.0150068383663893,15.0068383663893
"133",2021-05-13,0.022133806720376,22.133806720376,0.0144440000876784,14.4440000876784
"134",2021-05-14,0.022165322676301,22.165322676301,0.0141882766038179,14.1882766038179
"135",2021-05-15,0.0205437112599611,20.5437112599611,0.0148899499326944,14.8899499326944
"136",2021-05-16,0.0199092291295528,19.9092291295528,0.0134061397984624,13.4061397984624
"137",2021-05-17,0.0196831710636616,19.6831710636616,0.0136325629428029,13.6325629428029
"138",2021-05-18,0.0202316008508205,20.2316008508205,0.0145704699680209,14.5704699680209
"139",2021-05-19,0.0207836721092463,20.7836721092463,0.0151707660406828,15.1707660406828
"140",2021-05-20,0.0214274637401104,21.4274637401104,0.0161327365785837,16.1327365785837
"141",2021-05-21,0.021664559841156,21.664559841156,0.016572019085288,16.572019085288
"142",2021-05-22,0.0199782866984606,19.9782866984606,0.0155102722346783,15.5102722346783
"143",2021-05-23,0.020502520725131,20.502520725131,0.0154674546793103,15.4674546793103
"144",2021-05-24,0.0210201889276505,21.0201889276505,0.0156869199126959,15.6869199126959
"145",2021-05-25,0.0213762354105711,21.3762354105711,0.0158899258822203,15.8899258822203
"146",2021-05-26,0.0218783188611269,21.8783188611269,0.016552958637476,16.552958637476
"147",2021-05-27,0.0222491174936295,22.2491174936295,0.0173907428979874,17.3907428979874
"148",2021-05-28,0.0209383200854063,20.9383200854063,0.0179179850965738,17.9179850965738
"149",2021-05-29,0.0213383603841066,21.3383603841066,0.0177022852003574,17.7022852003574
"150",2021-05-30,0.0220668129622936,22.0668129622936,0.0172675121575594,17.2675121575594
"151",2021-05-31,0.0228232331573963,22.8232331573963,0.0178115908056498,17.8115908056498
"152",2021-06-01,0.0214889161288738,21.4889161288738,0.0166727770119905,16.6727770119905
"153",2021-06-02,0.0199275407940149,19.9275407940149,0.0162210483103991,16.2210483103991
"154",2021-06-03,0.0209315288811922,20.9315288811922,0.0160768888890743,16.0768888890743
"155",2021-06-04,0.0206316132098436,20.6316132098436,0.0142087200656533,14.2087200656533
"156",2021-06-05,0.0213312674313784,21.3312674313784,0.0149292210116982,14.9292210116982
"157",2021-06-06,0.0221439767628908,22.1439767628908,0.0160447135567665,16.0447135567665
"158",2021-06-07,0.0228597242385149,22.8597242385149,0.0170003604143858,17.0003604143858
"159",2021-06-08,0.0235094875097275,23.5094875097275,0.0179665572941303,17.9665572941303
"160",2021-06-09,0.0240244902670383,24.0244902670383,0.0186683591455221,18.6683591455221
"161",2021-06-10,0.0242962259799242,24.2962259799242,0.0193482786417007,19.3482786417007
"162",2021-06-11,0.0245611201971769,24.5611201971769,0.0201491229236126,20.1491229236126
"163",2021-06-12,0.0249443575739861,24.9443575739861,0.020861754193902,20.861754193902
"164",2021-06-13,0.0255388077348471,25.5388077348471,0.0214995443820953,21.4995443820953
"165",2021-06-14,0.0258550141006708,25.8550141006708,0.0215326938778162,21.5326938778162
"166",2021-06-15,0.0251155309379101,25.1155309379101,0.0219162590801716,21.9162590801716
"167",2021-06-16,0.0234496686607599,23.4496686607599,0.0221129227429628,22.1129227429628
"168",2021-06-17,0.0207435619086027,20.7435619086027,0.0184589698910713,18.4589698910713
"169",2021-06-18,0.0197111386805773,19.7111386805773,0.0134119875729084,13.4119875729084
"170",2021-06-19,0.0210429504513741,21.0429504513741,0.0124576669186354,12.4576669186354
"171",2021-06-20,0.0213625356554985,21.3625356554985,0.0132560264319181,13.2560264319181
"172",2021-06-21,0.0206203628331423,20.6203628331423,0.0114183565601707,11.4183565601707
"173",2021-06-22,0.0208065714687109,20.8065714687109,0.0106799099594355,10.6799099594355
"174",2021-06-23,0.0205323416739702,20.5323416739702,0.00942516606301069,9.42516606301069
"175",2021-06-24,0.0213225390762091,21.3225390762091,0.0104904528707266,10.4904528707266
"176",2021-06-25,0.0222163312137127,22.2163312137127,0.0120496125891805,12.0496125891805
"177",2021-06-26,0.0218719597905874,21.8719597905874,0.0132168726995587,13.2168726995587
"178",2021-06-27,0.0196749474853277,19.6749474853277,0.0127704245969653,12.7704245969653
"179",2021-06-28,0.0201306100934744,20.1306100934744,0.0127663677558303,12.7663677558303
"180",2021-06-29,0.0203518401831388,20.3518401831388,0.013362118974328,13.362118974328
"181",2021-06-30,0.0213328450918198,21.3328450918198,0.014097923412919,14.097923412919
"182",2021-07-01,0.0221199318766594,22.1199318766594,0.0149860847741365,14.9860847741365
"183",2021-07-02,0.0226726997643709,22.6726997643709,0.0156918577849865,15.6918577849865
"184",2021-07-03,0.0223095808178186,22.3095808178186,0.0143757229670882,14.3757229670882
"185",2021-07-04,0.0220149550586939,22.0149550586939,0.0142462747171521,14.2462747171521
"186",2021-07-05,0.0229296311736107,22.9296311736107,0.0150199392810464,15.0199392810464
"187",2021-07-06,0.0236181560903788,23.6181560903788,0.0135553721338511,13.5553721338511
"188",2021-07-07,0.0237886048853397,23.7886048853397,0.0110833831131458,11.0833831131458
"189",2021-07-08,0.0240818988531828,24.0818988531828,0.0110034290701151,11.0034290701151
"190",2021-07-09,0.0246018450707197,24.6018450707197,0.0123290615156293,12.3290615156293
"191",2021-07-10,0.02518948353827,25.18948353827,0.0135070029646158,13.5070029646158
"192",2021-07-11,0.0256923139095306,25.6923139095306,0.0144444648176432,14.4444648176432
"193",2021-07-12,0.0260153729468584,26.0153729468584,0.0140582723543048,14.0582723543048
"194",2021-07-13,0.0260700397193432,26.0700397193432,0.013415003195405,13.415003195405
"195",2021-07-14,0.0262367725372314,26.2367725372314,0.0134277259930968,13.4277259930968
"196",2021-07-15,0.0263839494436979,26.3839494436979,0.0141662051901221,14.1662051901221
"197",2021-07-16,0.026812456548214,26.812456548214,0.0152152730152011,15.2152730152011
"198",2021-07-17,0.0273605659604073,27.3605659604073,0.0162019692361355,16.2019692361355
"199",2021-07-18,0.0279104672372341,27.9104672372341,0.0171517487615347,17.1517487615347
"200",2021-07-19,0.0281884633004665,28.1884633004665,0.0180583279579878,18.0583279579878
"201",2021-07-20,0.0285548828542233,28.5548828542233,0.0189088899642229,18.9088899642229
"202",2021-07-21,0.0289918389171362,28.9918389171362,0.0196826793253422,19.6826793253422
"203",2021-07-22,0.029413191601634,29.413191601634,0.0203690733760595,20.3690733760595
"204",2021-07-23,0.0296965576708317,29.6965576708317,0.0205513723194599,20.5513723194599
"205",2021-07-24,0.0299446377903223,29.9446377903223,0.0198876801878214,19.8876801878214
"206",2021-07-25,0.0302958600223064,30.2958600223064,0.0198094230145216,19.8094230145216
"207",2021-07-26,0.0305100046098232,30.5100046098232,0.0198534689843655,19.8534689843655
"208",2021-07-27,0.0307659544050694,30.7659544050694,0.0202264301478863,20.2264301478863
"209",2021-07-28,0.0309675987809896,30.9675987809896,0.0205736421048641,20.5736421048641
"210",2021-07-29,0.0311888046562672,31.1888046562672,0.0210277624428272,21.0277624428272
"211",2021-07-30,0.0314367972314358,31.4367972314358,0.021507702767849,21.507702767849
"212",2021-07-31,0.0315168164670467,31.5168164670467,0.0197672173380852,19.7672173380852
"213",2021-08-01,0.0315531194210052,31.5531194210052,0.0193411223590374,19.3411223590374
"214",2021-08-02,0.0317709557712078,31.7709557712078,0.0196151863783598,19.6151863783598
"215",2021-08-03,0.0313534289598465,31.3534289598465,0.0200861785560846,20.0861785560846
"216",2021-08-04,0.0297467857599258,29.7467857599258,0.0162386167794466,16.2386167794466
"217",2021-08-05,0.0294199362397194,29.4199362397194,0.0162067543715239,16.2067543715239
"218",2021-08-06,0.0297313798218966,29.7313798218966,0.0161616075783968,16.1616075783968
"219",2021-08-07,0.0299419146031141,29.9419146031141,0.0153148248791695,15.3148248791695
"220",2021-08-08,0.0302825197577477,30.2825197577477,0.0153236864134669,15.3236864134669
"221",2021-08-09,0.0307759400457144,30.7759400457144,0.0162899885326624,16.2899885326624
"222",2021-08-10,0.0312374643981457,31.2374643981457,0.0171183627098799,17.1183627098799
"223",2021-08-11,0.0317280814051628,31.7280814051628,0.0178360436111689,17.8360436111689
"224",2021-08-12,0.0321170948445797,32.1170948445797,0.0186109486967325,18.6109486967325
"225",2021-08-13,0.0324588157236576,32.4588157236576,0.0192719902843237,19.2719902843237
"226",2021-08-14,0.0328615829348564,32.8615829348564,0.0199940055608749,19.9940055608749
"227",2021-08-15,0.0331206731498241,33.1206731498241,0.0201929099857807,20.1929099857807
"228",2021-08-16,0.0332956947386265,33.2956947386265,0.0203204844146967,20.3204844146967
"229",2021-08-17,0.0334555916488171,33.4555916488171,0.0205718036741018,20.5718036741018
"230",2021-08-18,0.0336279384791851,33.6279384791851,0.0209666285663843,20.9666285663843
"231",2021-08-19,0.0338047742843628,33.8047742843628,0.0212196931242943,21.2196931242943
"232",2021-08-20,0.0340759381651878,34.0759381651878,0.0216275677084923,21.6275677084923
"233",2021-08-21,0.0344197675585747,34.4197675585747,0.0222934409976006,22.2934409976006
"234",2021-08-22,0.0346753150224686,34.6753150224686,0.0226807594299316,22.6807594299316
"235",2021-08-23,0.0348366498947144,34.8366498947144,0.0228878073394299,22.8878073394299
"236",2021-08-24,0.0350307710468769,35.0307710468769,0.02333739772439,23.33739772439
"237",2021-08-25,0.0352696813642979,35.2696813642979,0.0238503143191338,23.8503143191338
"238",2021-08-26,0.0350004695355892,35.0004695355892,0.0244184285402298,24.4184285402298
"239",2021-08-27,0.0350503958761692,35.0503958761692,0.0249830409884453,24.9830409884453
"240",2021-08-28,0.0351995229721069,35.1995229721069,0.0254590213298798,25.4590213298798
"241",2021-08-29,0.0354500114917755,35.4500114917755,0.0258235950022936,25.8235950022936
"242",2021-08-30,0.035681638866663,35.681638866663,0.0261490568518639,26.1490568518639
"243",2021-08-31,0.0359261035919189,35.9261035919189,0.0265443492680788,26.5443492680788
"244",2021-09-01,0.0340165831148624,34.0165831148624,0.0259571261703968,25.9571261703968
"245",2021-09-02,0.0328214280307293,32.8214280307293,0.0220907982438803,22.0907982438803
"246",2021-09-03,0.0304946880787611,30.4946880787611,0.0193050522357225,19.3050522357225
"247",2021-09-04,0.0309338942170143,30.9338942170143,0.0197831448167562,19.7831448167562
"248",2021-09-05,0.0316072665154934,31.6072665154934,0.0205268226563931,20.5268226563931
"249",2021-09-06,0.032297920435667,32.297920435667,0.0212353933602571,21.2353933602571
"250",2021-09-07,0.0310742501169443,31.0742501169443,0.0218816082924604,21.8816082924604
"251",2021-09-08,0.0312784686684608,31.2784686684608,0.0223041158169508,22.3041158169508
"252",2021-09-09,0.0315982848405838,31.5982848405838,0.0189087893813848,18.9087893813848
"253",2021-09-10,0.0318937376141548,31.8937376141548,0.0151989571750164,15.1989571750164
"254",2021-09-11,0.0322630852460861,32.2630852460861,0.016150638461113,16.150638461113
"255",2021-09-12,0.032709926366806,32.709926366806,0.0172119326889515,17.2119326889515
"256",2021-09-13,0.0327415615320206,32.7415615320206,0.0181040186434984,18.1040186434984
"257",2021-09-14,0.0301612187176943,30.1612187176943,0.0148578090593219,14.8578090593219
"258",2021-09-15,0.0281026344746351,28.1026344746351,0.0120554314926267,12.0554314926267
"259",2021-09-16,0.0282242223620415,28.2242223620415,0.0108120534569025,10.8120534569025
"260",2021-09-17,0.0288502648472786,28.8502648472786,0.0124759534373879,12.4759534373879
"261",2021-09-18,0.0294661838561296,29.4661838561296,0.0117875030264258,11.7875030264258
"262",2021-09-19,0.0298538766801357,29.8538766801357,0.0128048500046134,12.8048500046134
"263",2021-09-20,0.0297933556139469,29.7933556139469,0.011386277154088,11.386277154088
"264",2021-09-21,0.0296551752835512,29.6551752835512,0.00959756411612034,9.59756411612034
"265",2021-09-22,0.0298119429498911,29.8119429498911,0.00975681841373444,9.75681841373444
"266",2021-09-23,0.0301358103752136,30.1358103752136,0.0109603004530072,10.9603004530072
"267",2021-09-24,0.0297950562089682,29.7950562089682,0.0119167752563953,11.9167752563953
"268",2021-09-25,0.0299985967576504,29.9985967576504,0.0121780931949615,12.1780931949615
"269",2021-09-26,0.0300111472606659,30.0111472606659,0.0110172964632511,11.0172964632511
"270",2021-09-27,0.0298736412078142,29.8736412078142,0.0118119800463319,11.8119800463319
"271",2021-09-28,0.0292544532567263,29.2544532567263,0.0121089518070221,12.1089518070221
"272",2021-09-29,0.0293900500983,29.3900500983,0.0123033951967955,12.3033951967955
"273",2021-09-30,0.0296354871243238,29.6354871243238,0.0126057146117091,12.6057146117091
"274",2021-10-01,0.0298427194356918,29.8427194356918,0.0131837762892246,13.1837762892246
"275",2021-10-02,0.0282345023006201,28.2345023006201,0.0136220064014196,13.6220064014196
"276",2021-10-03,0.0271900240331888,27.1900240331888,0.0103431399911642,10.3431399911642
"277",2021-10-04,0.0266452394425869,26.6452394425869,0.0106568038463593,10.6568038463593
"278",2021-10-05,0.0271475836634636,27.1475836634636,0.0107227098196745,10.7227098196745
"279",2021-10-06,0.0275674164295197,27.5674164295197,0.0104062827304006,10.4062827304006
"280",2021-10-07,0.0280763413757086,28.0763413757086,0.0113768531009555,11.3768531009555
"281",2021-10-08,0.0286172982305288,28.6172982305288,0.0121843479573727,12.1843479573727
"282",2021-10-09,0.0290210135281086,29.0210135281086,0.0128274131566286,12.8274131566286
"283",2021-10-10,0.029353067278862,29.353067278862,0.0133088985458016,13.3088985458016
"284",2021-10-11,0.0296724289655685,29.6724289655685,0.013755576685071,13.755576685071
"285",2021-10-12,0.029992088675499,29.992088675499,0.0142364017665386,14.2364017665386
"286",2021-10-13,0.0302926320582628,30.2926320582628,0.0146732190623879,14.6732190623879
"287",2021-10-14,0.0306010767817497,30.6010767817497,0.0151015259325504,15.1015259325504
"288",2021-10-15,0.0309651643037796,30.9651643037796,0.0155247980728745,15.5247980728745
"289",2021-10-16,0.0311511177569628,31.1511177569628,0.015903489664197,15.903489664197
"290",2021-10-17,0.0305151678621769,30.5151678621769,0.0154795590788126,15.4795590788126
"291",2021-10-18,0.0301783531904221,30.1783531904221,0.0156307760626078,15.6307760626078
"292",2021-10-19,0.0303225573152304,30.3225573152304,0.0160397738218307,16.0397738218307
"293",2021-10-20,0.0304262712597847,30.4262712597847,0.016463115811348,16.463115811348
"294",2021-10-21,0.0300521925091743,30.0521925091743,0.0163100585341454,16.3100585341454
"295",2021-10-22,0.0301524773240089,30.1524773240089,0.0160247478634119,16.0247478634119
"296",2021-10-23,0.0302778948098421,30.2778948098421,0.0159419178962708,15.9419178962708
"297",2021-10-24,0.030524205416441,30.524205416441,0.0162741132080555,16.2741132080555
"298",2021-10-25,0.0306922942399979,30.6922942399979,0.0163430366665125,16.3430366665125
"299",2021-10-26,0.0308093931525946,30.8093931525946,0.0163441635668278,16.3441635668278
"300",2021-10-27,0.0310225989669561,31.0225989669561,0.0166155565530062,16.6155565530062
"301",2021-10-28,0.0312667228281498,31.2667228281498,0.0169533919543028,16.9533919543028
"302",2021-10-29,0.0300880800932646,30.0880800932646,0.0161641202867031,16.1641202867031
"303",2021-10-30,0.0280674491077662,28.0674491077662,0.0147117534652352,14.7117534652352
"304",2021-10-31,0.0279072839766741,27.9072839766741,0.0140082463622093,14.0082463622093
"305",2021-11-01,0.0263211783021688,26.3211783021688,0.010745664127171,10.745664127171
"306",2021-11-02,0.0267390329390764,26.7390329390764,0.0109916040673852,10.9916040673852
"307",2021-11-03,0.0233626998960972,23.3626998960972,0.0108476048335433,10.8476048335433
"308",2021-11-04,0.0203648023307323,20.3648023307323,0.0110251503065228,11.0251503065228
"309",2021-11-05,0.0212899688631296,21.2899688631296,0.0100978119298816,10.0978119298816
"310",2021-11-06,0.0223653595894575,22.3653595894575,0.0102093070745468,10.2093070745468
"311",2021-11-07,0.0232850946485996,23.2850946485996,0.0108917318284512,10.8917318284512
"312",2021-11-08,0.0239443369209766,23.9443369209766,0.0109862498939037,10.9862498939037
"313",2021-11-09,0.0244119688868523,24.4119688868523,0.0112731577828526,11.2731577828526
"314",2021-11-10,0.0248526353389025,24.8526353389025,0.011744293384254,11.744293384254
"315",2021-11-11,0.0252476241439581,25.2476241439581,0.0122108533978462,12.2108533978462
"316",2021-11-12,0.0255985409021378,25.5985409021378,0.0125492345541716,12.5492345541716
"317",2021-11-13,0.0258867777884007,25.8867777884007,0.0128750987350941,12.8750987350941
"318",2021-11-14,0.026117380708456,26.117380708456,0.0129983555525541,12.9983555525541
"319",2021-11-15,0.0263019427657127,26.3019427657127,0.0115519873797894,11.5519873797894
"320",2021-11-16,0.0264461636543274,26.4461636543274,0.0111564565449953,11.1564565449953
"321",2021-11-17,0.0259120706468821,25.9120706468821,0.011054209433496,11.054209433496
"322",2021-11-18,0.0259499438107014,25.9499438107014,0.0113590061664581,11.3590061664581
"323",2021-11-19,0.0261897761374712,26.1897761374712,0.0118392519652843,11.8392519652843
"324",2021-11-20,0.0263312738388777,26.3312738388777,0.0123433163389564,12.3433163389564
"325",2021-11-21,0.0256819855421782,25.6819855421782,0.0123031754046679,12.3031754046679
"326",2021-11-22,0.0246674120426178,24.6674120426178,0.00952778849750757,9.52778849750757
"327",2021-11-23,0.0227593090385199,22.7593090385199,0.00895937811583281,8.95937811583281
"328",2021-11-24,0.0152824781835079,15.2824781835079,0.00685668922960758,6.85668922960758
"329",2021-11-25,0.0138903055340052,13.8903055340052,0.00600217562168837,6.00217562168837
"330",2021-11-26,0.0153898876160383,15.3898876160383,0.00576672051101923,5.76672051101923
"331",2021-11-27,0.0160208139568567,16.0208139568567,0.00556827150285244,5.56827150285244
"332",2021-11-28,0.0134296920150518,13.4296920150518,0.0050343805924058,5.0343805924058
"333",2021-11-29,0.0121916886419058,12.1916886419058,0.00371100474148989,3.71100474148989
"334",2021-11-30,0.0138812866061926,13.8812866061926,0.00630370667204261,6.30370667204261
"335",2021-12-01,0.0152980349957943,15.2980349957943,0.00751350866630673,7.51350866630673
"336",2021-12-02,0.0163505543023348,16.3505543023348,0.00670357514172792,6.70357514172792
"337",2021-12-03,0.0169773660600185,16.9773660600185,0.00720739550888538,7.20739550888538
"338",2021-12-04,0.0175952669233084,17.5952669233084,0.00765467248857021,7.65467248857021
"339",2021-12-05,0.0180460531264544,18.0460531264544,0.00556603586301208,5.56603586301208
"340",2021-12-06,0.0158295128494501,15.8295128494501,0.00557043449953198,5.57043449953198
"341",2021-12-07,0.0140128061175346,14.0128061175346,0.00619553634896874,6.19553634896874
"342",2021-12-08,0.0144976768642664,14.4976768642664,0.00592039711773396,5.92039711773396
"343",2021-12-09,0.0154548725113273,15.4548725113273,0.00478634517639875,4.78634517639875
"344",2021-12-10,0.012722484767437,12.722484767437,0.0048035797663033,4.8035797663033
"345",2021-12-11,0.0142351528629661,14.2351528629661,0.00541237415745854,5.41237415745854
"346",2021-12-12,0.0153342625126243,15.3342625126243,0.0072295549325645,7.2295549325645
"347",2021-12-13,0.0160943977534771,16.0943977534771,0.0089769558981061,8.9769558981061
"348",2021-12-14,0.0166050959378481,16.6050959378481,0.010113961994648,10.113961994648
"349",2021-12-15,0.0170026794075966,17.0026794075966,0.0109579749405384,10.9579749405384
"350",2021-12-16,0.0173188783228397,17.3188783228397,0.0116567630320787,11.6567630320787
"351",2021-12-17,0.0175525434315205,17.5525434315205,0.0122650936245918,12.2650936245918
"352",2021-12-18,0.0177630893886089,17.7630893886089,0.0127968220040202,12.7968220040202
"353",2021-12-19,0.0179361887276173,17.9361887276173,0.0133044579997659,13.3044579997659
"354",2021-12-20,0.0180893018841743,18.0893018841743,0.0137544078752398,13.7544078752398
"355",2021-12-21,0.0179698392748833,17.9698392748833,0.0139312688261271,13.9312688261271
"356",2021-12-22,0.0176258515566587,17.6258515566587,0.0141388485208154,14.1388485208154
"357",2021-12-23,0.0167840998619795,16.7840998619795,0.0144675821065903,14.4675821065903
"358",2021-12-24,0.0139089496806264,13.9089496806264,0.0146029312163591,14.6029312163591
"359",2021-12-25,0.015291715040803,15.291715040803,0.0147016914561391,14.7016914561391
"360",2021-12-26,0.0156015902757645,15.6015902757645,0.0148422522470355,14.8422522470355
"361",2021-12-27,0.0134890219196677,13.4890219196677,0.0131883127614856,13.1883127614856
"362",2021-12-28,0.0138779636472464,13.8779636472464,0.0134743805974722,13.4743805974722
"363",2021-12-29,0.0149290105327964,14.9290105327964,0.0140501791611314,14.0501791611314
"364",2021-12-30,0.0157802794128656,15.7802794128656,0.0145444134250283,14.5444134250283
"365",2021-12-31,0.0163010712713003,16.3010712713003,0.0150464856997132,15.0464856997132
